Month,Outlier_Type,Box_Index,Box_Time,SW_Corner_X,SW_Corner_Y,Value
1,RMSE,103,2021-01-31 11:21:50,229050,879050,7.52738731876664
1,RMSE,310,2016-01-29 11:04:01,497050,468050,3.8598589296615446
1,RMSE,1181,2015-01-03 10:59:00,369050,104050,7.116976149075665
1,RMSE,2309,2016-01-15 10:52:04,556050,323050,3.0828827551718327
1,RMSE,3477,2020-01-24 11:04:05,449050,454050,2.9103045951745794
1,RMSE,4622,2016-01-20 11:11:01,235050,104050,3.495966201629838
1,RMSE,4624,2016-01-20 11:11:01,230050,114050,3.5472526060662948
1,RMSE,4625,2016-01-20 11:11:01,241050,114050,3.355639693132257
1,RMSE,5484,2016-01-20 11:11:01,234050,222050,3.484394770508397
1,RMSE,5485,2016-01-20 11:11:01,237050,240050,2.958270690112245
1,RMSE,6128,2021-01-22 11:28:49,48050,494050,3.0664021919223425
1,RMSE,6131,2021-01-22 11:28:49,44050,514050,3.291905245724844
1,RMSE,6133,2021-01-22 11:28:49,31050,515050,2.999322159076025
1,RMSE,7393,2016-01-20 11:11:01,269050,94050,3.4047974193967456
1,RMSE,7520,2022-01-04 11:11:10,269050,95050,4.5739505659331465
1,RMSE,7530,2022-01-13 11:04:59,289050,122050,2.91619313550516
1,Bias,103,2021-01-31 11:21:50,229050,879050,-6.6015146968221075
1,Bias,310,2016-01-29 11:04:01,497050,468050,-3.731271492151336
1,Bias,1181,2015-01-03 10:59:00,369050,104050,6.894871168880002
1,Bias,3146,2016-01-20 11:10:37,330050,401050,-1.6535966825204014
1,Bias,4367,2017-01-08 10:58:45,488050,254050,-2.2466946819255327
1,Bias,4368,2017-01-08 10:58:45,498050,254050,-1.9240871953517171
1,Bias,4622,2016-01-20 11:11:01,235050,104050,3.4214758237476417
1,Bias,4624,2016-01-20 11:11:01,230050,114050,3.3752965727969695
1,Bias,4625,2016-01-20 11:11:01,241050,114050,3.233596671684438
1,Bias,5484,2016-01-20 11:11:01,234050,222050,3.3246410665183816
1,Bias,6131,2021-01-22 11:28:49,44050,514050,3.1764113858465635
1,Bias,7393,2016-01-20 11:11:01,269050,94050,3.289689940035146
1,Bias,7520,2022-01-04 11:11:10,269050,95050,4.118290551613256
1,Variance,103,2021-01-31 11:21:50,229050,879050,13.081549794497592
1,Variance,1181,2015-01-03 10:59:00,369050,104050,3.1119704033977555
1,Variance,1403,2022-01-13 11:04:59,374050,98050,1.959648755336663
1,Variance,2309,2016-01-15 10:52:04,556050,323050,1.9261948931614314
1,Variance,4686,2020-01-15 11:11:06,229050,117050,1.5536270480473704
1,Variance,5556,2022-01-12 11:11:10,229050,227050,1.74196643370475
1,Variance,5940,2022-01-13 11:04:59,352050,279050,3.2401567758318115
1,Variance,6388,2022-01-13 11:04:59,323050,102050,1.5511218245732739
1,Variance,6389,2022-01-13 11:04:59,317050,112050,2.238976170846194
1,Variance,7520,2022-01-04 11:11:10,269050,95050,3.960663302105535
1,Variance,7528,2022-01-13 11:04:59,269050,117050,1.5423172300523909
1,Variance,7530,2022-01-13 11:04:59,289050,122050,2.1357937844282953
2,RMSE,228,2019-02-22 11:04:04,309050,334050,2.579506589631985
2,RMSE,320,2020-02-02 10:57:51,499050,454050,8.197376760186176
2,RMSE,321,2020-02-02 10:57:51,499050,464050,8.834602343325056
2,RMSE,322,2020-02-02 10:57:51,499050,474050,10.592402026415488
2,RMSE,323,2020-02-09 11:04:00,498050,454050,4.682823723148202
2,RMSE,329,2022-02-23 10:57:48,499050,457050,5.5973468186867406
2,RMSE,330,2022-02-23 10:57:48,497050,467050,7.610480909596042
2,RMSE,446,2019-02-27 11:21:23,269050,784050,2.7267278922965015
2,RMSE,464,2022-02-19 11:21:44,269050,804050,5.897992659281221
2,RMSE,601,2022-02-20 11:15:16,389050,854050,3.235223367694634
2,RMSE,1267,2018-02-28 10:58:17,349050,96050,2.7003585252756928
2,RMSE,1565,2016-02-16 10:52:18,488050,134050,2.6809943687340736
2,RMSE,2166,2019-02-27 11:21:23,248050,724050,3.4614413611302197
2,RMSE,2461,2019-02-24 10:51:42,549050,324050,4.113606663350465
2,RMSE,2462,2019-02-24 10:51:42,565050,324050,2.6028520249289344
2,RMSE,2756,2017-02-14 11:15:51,336050,675050,4.333937585332474
2,RMSE,2789,2020-02-07 11:15:58,338050,676050,3.038662526168892
2,RMSE,3905,2016-02-28 11:15:25,297050,714050,2.8111322645400403
2,RMSE,4043,2022-02-27 11:21:45,271050,716050,2.8714585431198225
2,RMSE,4044,2022-02-27 11:21:45,281050,716050,3.011314709524157
2,RMSE,4252,2020-02-09 11:04:00,489050,404050,7.006644478575886
2,RMSE,4253,2020-02-09 11:04:00,499050,404050,6.62233980639773
2,RMSE,4654,2019-02-13 11:11:04,234050,114050,2.695736459258353
2,RMSE,4852,2022-02-27 11:21:45,247050,819050,2.7932047017632726
2,RMSE,4894,2016-02-16 10:52:18,549050,134050,2.92001665525206
2,RMSE,4895,2016-02-16 10:52:18,559050,134050,2.7250474694063276
2,RMSE,5085,2021-02-27 11:04:21,393050,294050,6.275126201828396
2,RMSE,5086,2021-02-27 11:04:21,403050,299050,8.089827319045337
2,RMSE,5087,2021-02-27 11:04:21,407050,314050,9.433054234263206
2,RMSE,5088,2021-02-27 11:04:21,417050,315050,2.6313242847046143
2,RMSE,5357,2022-02-04 11:15:47,363050,814050,2.629122923629886
2,RMSE,5358,2022-02-04 11:15:47,374050,822050,2.660230347367538
2,RMSE,5359,2022-02-04 11:15:47,371050,832050,3.138543008635906
2,RMSE,5583,2016-02-28 11:15:49,278050,672050,2.6100762623392013
2,RMSE,5584,2016-02-28 11:15:49,297050,681050,3.312614688727006
2,RMSE,5724,2020-02-07 11:15:58,368050,664050,2.7472518754010875
2,RMSE,5899,2019-02-22 11:04:04,354050,264050,2.739542848342231
2,RMSE,6475,2014-02-08 11:04:54,498050,437050,3.058391686272979
2,RMSE,6531,2020-02-02 10:57:51,489050,434050,4.575044846232075
2,RMSE,6532,2020-02-02 10:57:51,499050,434050,7.400583976285313
2,RMSE,6533,2020-02-02 10:57:51,499050,444050,8.406348390767302
2,RMSE,6534,2020-02-09 11:04:00,482050,424050,5.8618814554365
2,RMSE,6535,2020-02-09 11:04:00,494050,434050,7.117713517554407
2,RMSE,6536,2020-02-09 11:04:00,491050,444050,6.3810942045371934
2,RMSE,6621,2016-02-16 10:51:54,598050,254050,2.6759814223130918
2,RMSE,6622,2016-02-16 10:51:54,608050,254050,2.7243648436412777
2,RMSE,6623,2016-02-16 10:51:54,618050,254050,3.0340800893518325
2,RMSE,6627,2016-02-16 10:51:54,619050,264050,3.1946847630472375
2,RMSE,6630,2016-02-16 10:51:54,609050,274050,2.788545245062586
2,RMSE,6634,2016-02-16 10:51:54,611050,284050,3.1188589402858455
2,Bias,320,2020-02-02 10:57:51,499050,454050,8.153579534953167
2,Bias,321,2020-02-02 10:57:51,499050,464050,8.71457957891863
2,Bias,322,2020-02-02 10:57:51,499050,474050,10.53085304736237
2,Bias,329,2022-02-23 10:57:48,499050,457050,-5.512323515558876
2,Bias,330,2022-02-23 10:57:48,497050,467050,-7.563096150178183
2,Bias,464,2022-02-19 11:21:44,269050,804050,-5.574953034768271
2,Bias,601,2022-02-20 11:15:16,389050,854050,3.012431921825794
2,Bias,2166,2019-02-27 11:21:23,248050,724050,-3.0778447741305968
2,Bias,2461,2019-02-24 10:51:42,549050,324050,3.697352448252616
2,Bias,2462,2019-02-24 10:51:42,565050,324050,-2.345577880706003
2,Bias,2756,2017-02-14 11:15:51,336050,675050,3.90485697309947
2,Bias,2789,2020-02-07 11:15:58,338050,676050,2.7689301281374696
2,Bias,3905,2016-02-28 11:15:25,297050,714050,2.6333801744453353
2,Bias,4043,2022-02-27 11:21:45,271050,716050,-2.6794433442981926
2,Bias,4044,2022-02-27 11:21:45,281050,716050,-2.87884594208208
2,Bias,4252,2020-02-09 11:04:00,489050,404050,-6.716738904508134
2,Bias,4253,2020-02-09 11:04:00,499050,404050,-6.557386683007962
2,Bias,4852,2022-02-27 11:21:45,247050,819050,-2.426868420190715
2,Bias,4894,2016-02-16 10:52:18,549050,134050,2.7961050634080493
2,Bias,5085,2021-02-27 11:04:21,393050,294050,-6.189152630952094
2,Bias,5086,2021-02-27 11:04:21,403050,299050,-8.008919266256157
2,Bias,5087,2021-02-27 11:04:21,407050,314050,-9.38405302682014
2,Bias,5088,2021-02-27 11:04:21,417050,315050,-2.4102286468294665
2,Bias,5359,2022-02-04 11:15:47,371050,832050,2.994081279033537
2,Bias,5584,2016-02-28 11:15:49,297050,681050,2.8699108034252845
2,Bias,6475,2014-02-08 11:04:54,498050,437050,-2.8622262174727098
2,Bias,6531,2020-02-02 10:57:51,489050,434050,4.466584195293365
2,Bias,6532,2020-02-02 10:57:51,499050,434050,7.339978408398565
2,Bias,6533,2020-02-02 10:57:51,499050,444050,8.381864555193488
2,Bias,6534,2020-02-09 11:04:00,482050,424050,-5.499966668565548
2,Bias,6535,2020-02-09 11:04:00,494050,434050,-6.847119147167177
2,Bias,6536,2020-02-09 11:04:00,491050,444050,-2.956959333834277
2,Bias,6622,2016-02-16 10:51:54,608050,254050,2.647689814530395
2,Bias,6623,2016-02-16 10:51:54,618050,254050,2.924947686334292
2,Bias,6627,2016-02-16 10:51:54,619050,264050,3.0616878218804686
2,Bias,6630,2016-02-16 10:51:54,609050,274050,2.662275145619617
2,Bias,6634,2016-02-16 10:51:54,611050,284050,3.045182212994291
2,Variance,73,2018-02-15 11:27:17,249050,870050,4.319162277216249
2,Variance,132,2022-02-27 11:21:21,258050,862050,1.64471426232194
2,Variance,228,2019-02-22 11:04:04,309050,334050,2.0117752498413335
2,Variance,321,2020-02-02 10:57:51,499050,464050,2.1070464582745974
2,Variance,323,2020-02-09 11:04:00,498050,454050,21.13025821336985
2,Variance,446,2019-02-27 11:21:23,269050,784050,3.105738291321287
2,Variance,456,2021-02-09 11:15:37,279050,780050,3.889428671489452
2,Variance,464,2022-02-19 11:21:44,269050,804050,3.7060194958541013
2,Variance,505,2019-02-15 10:57:55,390050,254050,1.516468399506451
2,Variance,1018,2019-02-24 10:51:42,519050,294050,2.0998237675112623
2,Variance,1019,2019-02-24 10:51:42,515050,304050,1.6063480188251975
2,Variance,2164,2019-02-27 11:21:23,252050,704050,1.6853578694775992
2,Variance,2165,2019-02-27 11:21:23,254050,714050,1.7408440686404265
2,Variance,2166,2019-02-27 11:21:23,248050,724050,2.5081500124888203
2,Variance,2254,2014-02-26 10:52:41,549050,324050,1.5924526442464328
2,Variance,2459,2019-02-24 10:51:42,569050,314050,1.775552891853713
2,Variance,2461,2019-02-24 10:51:42,549050,324050,3.251501718975629
2,Variance,2756,2017-02-14 11:15:51,336050,675050,3.5352380010343323
2,Variance,2789,2020-02-07 11:15:58,338050,676050,1.5664779116036547
2,Variance,2867,2019-02-27 11:21:23,229050,755050,2.5437678665742687
2,Variance,3043,2021-02-27 11:03:57,399050,544050,1.49642679306649
2,Variance,3189,2021-02-18 11:10:12,329050,396050,1.5590284995734531
2,Variance,3626,2015-02-09 11:15:24,299050,734050,2.0085992184083987
2,Variance,3648,2016-02-28 11:15:25,296050,734050,2.329020045847692
2,Variance,3698,2019-02-27 11:21:23,277050,734050,1.5332299794771522
2,Variance,3699,2019-02-27 11:21:23,287050,734050,2.385478934591111
2,Variance,3700,2019-02-27 11:21:23,297050,734050,4.329769710393879
2,Variance,3701,2019-02-27 11:21:23,298050,751050,1.755884801064357
2,Variance,3702,2019-02-27 11:21:23,285050,753050,3.6558578363297145
2,Variance,3703,2019-02-27 11:21:23,269050,756050,2.6955469768160145
2,Variance,3974,2019-02-27 11:21:23,278050,694050,1.8067171111099634
2,Variance,3975,2019-02-27 11:21:23,288050,694050,2.077230199643032
2,Variance,3981,2019-02-27 11:21:23,269050,723050,1.5769789128486875
2,Variance,3982,2019-02-27 11:21:23,279050,724050,1.5065353086454263
2,Variance,3983,2019-02-27 11:21:23,289050,724050,1.5851017142749388
2,Variance,4252,2020-02-09 11:04:00,489050,404050,3.9790180346499207
2,Variance,4852,2022-02-27 11:21:45,247050,819050,1.9122639164664994
2,Variance,4853,2022-02-27 11:21:45,249050,829050,1.6688260419753795
2,Variance,4854,2022-02-27 11:21:45,245050,839050,1.580641949778292
2,Variance,4855,2022-02-27 11:21:45,255050,839050,2.2593181578109673
2,Variance,5081,2020-02-09 11:04:24,403050,294050,3.352839426789982
2,Variance,5357,2022-02-04 11:15:47,363050,814050,1.5113730965956302
2,Variance,5584,2016-02-28 11:15:49,297050,681050,2.737139023294466
2,Variance,5827,2021-02-18 11:10:12,335050,414050,1.938818937877052
2,Variance,5828,2021-02-18 11:10:12,329050,432050,1.5271180284653314
2,Variance,5899,2019-02-22 11:04:04,354050,264050,2.1572450911346563
2,Variance,6534,2020-02-09 11:04:00,482050,424050,4.112279156181287
2,Variance,6535,2020-02-09 11:04:00,494050,434050,3.7788734733399827
2,Variance,6536,2020-02-09 11:04:00,491050,444050,31.97483647471485
3,RMSE,492,2017-03-13 10:57:55,389050,274050,3.6203030827950986
3,RMSE,978,2018-03-25 10:51:29,511050,313050,3.2543777678398085
3,RMSE,979,2018-03-25 10:51:29,539050,322050,3.8276221294980854
3,RMSE,1865,2017-03-25 11:21:19,339050,824050,3.8205832012745593
3,RMSE,2140,2017-03-25 11:21:19,259050,694050,3.265566158226482
3,RMSE,2191,2021-03-20 11:21:31,248050,694050,3.50620143038854
3,RMSE,2282,2015-03-24 10:57:42,552050,321050,4.666568428841507
3,RMSE,2390,2018-03-25 10:51:29,553050,305050,3.565254436936397
3,RMSE,2759,2017-03-27 11:09:20,327050,674050,6.59543681736449
3,RMSE,2891,2014-03-19 11:10:35,403050,551050,3.2469977729661568
3,RMSE,3195,2022-03-25 11:09:56,309050,384050,5.5074087764295845
3,RMSE,3729,2021-03-20 11:21:31,280050,734050,4.599330261153579
3,RMSE,3730,2021-03-20 11:21:31,290050,734050,4.340566448426971
3,RMSE,3753,2022-03-07 11:21:42,283050,737050,3.427900962457347
3,RMSE,3754,2022-03-07 11:21:42,286050,749050,4.358985981945605
3,RMSE,3755,2022-03-07 11:21:42,296050,749050,3.734696580023301
3,RMSE,3756,2022-03-07 11:21:42,271050,764050,3.7409234727913687
3,RMSE,3935,2017-03-25 11:21:19,269050,694050,3.294384195331159
3,RMSE,4014,2021-03-20 11:21:31,289050,694050,3.334249220729624
3,RMSE,4015,2021-03-20 11:21:31,269050,704050,5.145811370435867
3,RMSE,4016,2021-03-20 11:21:31,279050,704050,4.263776479580045
3,RMSE,4018,2021-03-20 11:21:31,299050,707050,3.856354451215761
3,RMSE,4019,2021-03-20 11:21:31,280050,714050,5.0703942055429785
3,RMSE,4020,2021-03-20 11:21:31,298050,717050,4.5677852310281235
3,RMSE,4283,2021-03-31 11:03:44,494050,388050,3.5983913909901037
3,RMSE,4284,2021-03-31 11:03:44,481050,391050,3.8718508369812317
3,RMSE,4285,2021-03-31 11:03:44,491050,398050,4.046818355253893
3,RMSE,4554,2017-03-27 11:10:08,229050,357050,3.8209276448109715
3,RMSE,5223,2017-03-27 11:08:57,365050,814050,3.629795112517137
3,RMSE,5370,2022-03-25 11:09:08,361050,834050,4.073122037766055
3,RMSE,5372,2022-03-25 11:09:08,371050,840050,3.587950445573341
3,RMSE,5494,2017-03-27 11:10:32,229050,214050,3.8230791320613178
3,RMSE,5495,2017-03-27 11:10:32,239050,214050,3.786348287897236
3,RMSE,5496,2017-03-27 11:10:32,229050,224050,3.3868782363774814
3,RMSE,5679,2017-03-02 11:15:46,368050,658050,3.6256064295245753
3,RMSE,5684,2017-03-27 11:09:20,376050,671050,8.088011380931274
3,RMSE,5772,2022-03-25 11:09:32,376050,671050,4.674581553550575
3,RMSE,5788,2014-03-19 11:10:35,334050,414050,3.334297503443871
3,RMSE,5789,2014-03-19 11:10:35,323050,421050,6.622003489794974
3,RMSE,5790,2014-03-19 11:10:35,328050,434050,3.881840451845303
3,RMSE,5792,2014-03-19 11:10:35,334050,444050,4.008623767631661
3,RMSE,5810,2017-03-27 11:09:44,334050,418050,3.385908649524901
3,RMSE,6134,2021-03-11 11:28:34,59050,519050,6.3259384937645
3,RMSE,7408,2017-03-27 11:10:32,269050,94050,4.3692295189746035
3,RMSE,7409,2017-03-27 11:10:32,269050,109050,4.272456044184182
3,Bias,57,2017-03-25 11:20:55,231050,864050,-2.6793444525696373
3,Bias,492,2017-03-13 10:57:55,389050,274050,-3.491050444894654
3,Bias,979,2018-03-25 10:51:29,539050,322050,3.4234032773359218
3,Bias,1863,2017-03-25 11:21:19,336050,814050,-2.8451544005489495
3,Bias,1865,2017-03-25 11:21:19,339050,824050,-3.6679067112291364
3,Bias,2191,2021-03-20 11:21:31,248050,694050,-2.9985641674493877
3,Bias,2192,2021-03-20 11:21:31,258050,694050,-2.564937302926637
3,Bias,2282,2015-03-24 10:57:42,552050,321050,4.29753757764496
3,Bias,2390,2018-03-25 10:51:29,553050,305050,3.410117556976161
3,Bias,2505,2020-03-21 10:57:58,549050,294050,3.087928582128143
3,Bias,2759,2017-03-27 11:09:20,327050,674050,6.416438696453554
3,Bias,2833,2022-03-24 11:15:53,309050,654050,-2.723415765150662
3,Bias,2891,2014-03-19 11:10:35,403050,551050,3.0739722840565946
3,Bias,3195,2022-03-25 11:09:56,309050,384050,5.113858559452069
3,Bias,3729,2021-03-20 11:21:31,280050,734050,-4.377383859141332
3,Bias,3730,2021-03-20 11:21:31,290050,734050,-4.056374093147781
3,Bias,3733,2021-03-20 11:21:31,296050,754050,-2.5662912323824116
3,Bias,3753,2022-03-07 11:21:42,283050,737050,3.2702640057760846
3,Bias,3754,2022-03-07 11:21:42,286050,749050,4.2466655228197965
3,Bias,3755,2022-03-07 11:21:42,296050,749050,3.6342115990807997
3,Bias,3756,2022-03-07 11:21:42,271050,764050,3.527589805381581
3,Bias,4012,2021-03-20 11:21:31,269050,694050,-2.7326489798817306
3,Bias,4014,2021-03-20 11:21:31,289050,694050,-2.5731364705097803
3,Bias,4015,2021-03-20 11:21:31,269050,704050,-4.986272604833175
3,Bias,4016,2021-03-20 11:21:31,279050,704050,-3.9952212765012405
3,Bias,4017,2021-03-20 11:21:31,289050,704050,-2.8812799242614346
3,Bias,4018,2021-03-20 11:21:31,299050,707050,-3.3976310402098875
3,Bias,4019,2021-03-20 11:21:31,280050,714050,-4.598923206556492
3,Bias,4020,2021-03-20 11:21:31,298050,717050,-4.43128746407524
3,Bias,4284,2021-03-31 11:03:44,481050,391050,-2.867171747262148
3,Bias,4285,2021-03-31 11:03:44,491050,398050,-3.2414187318715335
3,Bias,4554,2017-03-27 11:10:08,229050,357050,3.599364052488397
3,Bias,4561,2020-03-03 11:10:29,229050,356050,-3.10933887190248
3,Bias,5223,2017-03-27 11:08:57,365050,814050,3.322816073819695
3,Bias,5370,2022-03-25 11:09:08,361050,834050,-3.7587976886256342
3,Bias,5372,2022-03-25 11:09:08,371050,840050,-3.2929256711377093
3,Bias,5494,2017-03-27 11:10:32,229050,214050,3.7267652437241168
3,Bias,5495,2017-03-27 11:10:32,239050,214050,3.6176110639269154
3,Bias,5496,2017-03-27 11:10:32,229050,224050,3.2487826894094383
3,Bias,5679,2017-03-02 11:15:46,368050,658050,3.477879379814283
3,Bias,5684,2017-03-27 11:09:20,376050,671050,7.994679094671483
3,Bias,5772,2022-03-25 11:09:32,376050,671050,4.51729113284614
3,Bias,5789,2014-03-19 11:10:35,323050,421050,6.449472602107903
3,Bias,5790,2014-03-19 11:10:35,328050,434050,3.5693789974296237
3,Bias,5792,2014-03-19 11:10:35,334050,444050,3.684871398041423
3,Bias,6134,2021-03-11 11:28:34,59050,519050,6.251253522438901
3,Bias,7039,2017-03-27 11:10:08,289050,334050,-2.886977275169727
3,Bias,7408,2017-03-27 11:10:32,269050,94050,4.072965162481012
3,Bias,7409,2017-03-27 11:10:32,269050,109050,4.036713869081382
3,Variance,56,2017-03-25 11:20:55,255050,854050,3.0347131218070635
3,Variance,58,2017-03-25 11:20:55,251050,864050,3.2652522344055748
3,Variance,295,2022-03-25 11:10:20,320050,338050,3.007870736118905
3,Variance,332,2022-03-10 11:03:59,499050,477050,2.931260353460359
3,Variance,528,2021-03-31 11:04:08,419050,258050,2.9999255762508734
3,Variance,857,2021-03-31 11:04:32,289050,232050,6.785581903301165
3,Variance,859,2021-03-31 11:04:32,299050,241050,6.047242732264234
3,Variance,978,2018-03-25 10:51:29,511050,313050,2.843485736282564
3,Variance,979,2018-03-25 10:51:29,539050,322050,2.931061218514243
3,Variance,1107,2022-03-28 10:51:56,511050,304050,5.203425769070491
3,Variance,1108,2022-03-28 10:51:56,521050,304050,5.1208048128838035
3,Variance,1109,2022-03-28 10:51:56,509050,314050,5.882286319795244
3,Variance,1110,2022-03-28 10:51:56,528050,318050,3.5848578268910556
3,Variance,1111,2022-03-28 10:51:56,509050,324050,4.75841785621081
3,Variance,1939,2017-03-13 10:57:55,477050,344050,3.3005438749632865
3,Variance,2190,2021-03-20 11:21:31,238050,694050,4.113320059011784
3,Variance,2191,2021-03-20 11:21:31,248050,694050,3.301934023284425
3,Variance,2280,2015-03-24 10:57:42,559050,301050,2.953139335406312
3,Variance,2281,2015-03-24 10:57:42,556050,311050,3.158301066070911
3,Variance,2282,2015-03-24 10:57:42,552050,321050,3.3084312305553527
3,Variance,2607,2022-03-11 10:58:08,560050,324050,3.5396664179884034
3,Variance,2618,2022-03-28 10:51:56,551050,294050,5.836544434235616
3,Variance,2619,2022-03-28 10:51:56,566050,294050,5.015625281115013
3,Variance,2620,2022-03-28 10:51:56,576050,294050,4.9229591837724005
3,Variance,2621,2022-03-28 10:51:56,549050,304050,5.343668747359104
3,Variance,2622,2022-03-28 10:51:56,559050,304050,5.110188529910602
3,Variance,2623,2022-03-28 10:51:56,569050,310050,5.821351517816768
3,Variance,2624,2022-03-28 10:51:56,554050,314050,4.903793825053444
3,Variance,2625,2022-03-28 10:51:56,579050,316050,5.011615727539464
3,Variance,2626,2022-03-28 10:51:56,564050,320050,3.6589675765813605
3,Variance,2627,2022-03-28 10:51:56,549050,324050,6.4076791072436095
3,Variance,2834,2022-03-25 11:09:32,335050,668050,8.199860610409264
3,Variance,2835,2022-03-25 11:09:32,314050,684050,3.6291424219184742
3,Variance,3050,2021-03-22 11:09:33,412050,544050,3.333244159315412
3,Variance,3195,2022-03-25 11:09:56,309050,384050,4.180450867449401
3,Variance,3483,2021-03-31 11:03:44,439050,464050,4.438997000016073
3,Variance,3484,2021-03-31 11:03:44,429050,474050,3.034667278999121
3,Variance,3514,2014-03-12 11:04:29,389050,414050,2.950570602900481
3,Variance,3705,2019-03-31 11:21:15,292050,750050,3.525200379730231
3,Variance,3731,2021-03-20 11:21:31,280050,744050,2.9435370415212923
3,Variance,3732,2021-03-20 11:21:31,286050,754050,2.834449015471278
3,Variance,3758,2022-03-23 11:21:32,272050,739050,2.836532523317937
3,Variance,3818,2021-03-31 11:04:08,378050,298050,4.4168454935910075
3,Variance,3819,2021-03-31 11:04:08,349050,304050,3.706274357570643
3,Variance,3833,2022-03-26 11:04:18,376050,294050,3.483956685331912
3,Variance,3835,2022-03-26 11:04:18,355050,314050,4.901265003128306
3,Variance,3935,2017-03-25 11:21:19,269050,694050,3.2128930235268998
3,Variance,4014,2021-03-20 11:21:31,289050,694050,4.496119273206897
3,Variance,4018,2021-03-20 11:21:31,299050,707050,3.3273779517951634
3,Variance,4019,2021-03-20 11:21:31,280050,714050,4.558861405222383
3,Variance,4282,2021-03-31 11:03:44,484050,381050,6.3208173368858365
3,Variance,4283,2021-03-31 11:03:44,494050,388050,6.985822843071459
3,Variance,4284,2021-03-31 11:03:44,481050,391050,6.770686551212741
3,Variance,4285,2021-03-31 11:03:44,491050,398050,5.869973476826616
3,Variance,4325,2022-03-26 11:03:54,495050,384050,3.004799647428278
3,Variance,4326,2022-03-26 11:03:54,481050,394050,4.779928436847716
3,Variance,4327,2022-03-26 11:03:54,495050,394050,3.0005308316894705
3,Variance,4816,2017-03-25 11:21:19,251050,841050,3.5415660800487765
3,Variance,4856,2022-03-23 11:21:32,242050,818050,6.795117010239509
3,Variance,4857,2022-03-23 11:21:32,247050,828050,6.094475165511818
3,Variance,5090,2021-03-31 11:04:08,393050,314050,2.959611345936325
3,Variance,5366,2022-03-25 11:09:08,349050,824050,3.023630025808235
3,Variance,5367,2022-03-25 11:09:08,359050,824050,2.9635944758706834
3,Variance,5619,2022-03-24 11:15:53,297050,680050,6.417612428260052
3,Variance,5695,2018-03-30 11:09:12,359050,661050,3.30103468178267
3,Variance,5769,2022-03-08 11:15:57,379050,664050,3.778209680517498
3,Variance,5810,2017-03-27 11:09:44,334050,418050,10.992362543846513
3,Variance,5811,2017-03-27 11:09:44,335050,442050,3.2550501905428284
3,Variance,6147,2022-03-22 11:28:39,55050,501050,4.5641243512272345
3,Variance,6229,2022-03-25 11:09:32,377050,635050,3.7557602397096788
3,Variance,6551,2021-03-31 11:03:44,483050,414050,7.689651372711564
3,Variance,6552,2021-03-31 11:03:44,492050,438050,4.426730349707103
3,Variance,6562,2022-03-18 11:03:51,498050,421050,2.932419281319148
3,Variance,6765,2022-03-28 10:51:56,589050,263050,4.2583036289517215
3,Variance,7027,2015-03-22 11:10:05,279050,364050,3.51749826889181
3,Variance,8246,2022-03-28 10:52:20,538050,236050,3.931022893911296
4,RMSE,24,2015-04-05 11:20:41,229050,854050,5.411107297687177
4,RMSE,316,2017-04-30 10:57:04,497050,454050,6.738865163856135
4,RMSE,584,2018-04-15 11:08:39,404050,864050,5.335450445277267
4,RMSE,925,2013-04-12 10:53:46,511050,294050,24.25058093053258
4,RMSE,1087,2021-04-18 10:51:39,519050,294050,4.657462605262805
4,RMSE,1089,2021-04-18 10:51:39,519050,304050,4.634550283686319
4,RMSE,1851,2015-04-05 11:21:04,335050,834050,4.558529788386936
4,RMSE,2463,2019-04-20 10:57:36,551050,294050,4.671363984879653
4,RMSE,2464,2019-04-20 10:57:36,566050,294050,5.026948029482354
4,RMSE,2467,2019-04-20 10:57:36,569050,304050,5.128450123414957
4,RMSE,2468,2019-04-20 10:57:36,570050,314050,6.078521128679367
4,RMSE,2471,2019-04-20 10:57:36,574050,324050,5.823817278111691
4,RMSE,2583,2021-04-18 10:51:39,569050,313050,5.599994869197635
4,RMSE,2642,2022-04-21 10:51:48,557050,324050,4.783196027643006
4,RMSE,2730,2015-04-23 11:09:05,337050,678050,6.621951152478201
4,RMSE,2814,2021-04-23 11:09:21,326050,677050,6.457460117975125
4,RMSE,2995,2019-04-18 11:09:10,419050,549050,4.587873016976567
4,RMSE,3117,2022-04-10 11:09:33,406050,535050,9.97721270773166
4,RMSE,3142,2015-04-23 11:09:29,319050,384050,4.593338630590208
4,RMSE,3192,2021-04-23 11:09:45,336050,385050,4.8843375041481885
4,RMSE,3193,2021-04-23 11:09:45,319050,392050,7.0475672737833115
4,RMSE,3194,2021-04-23 11:09:45,319050,402050,6.86409138013819
4,RMSE,4135,2016-04-11 10:57:47,481050,377050,7.683411242151225
4,RMSE,4136,2016-04-11 10:57:47,479050,387050,6.283267176679627
4,RMSE,4137,2016-04-11 10:57:47,481050,399050,6.9027324598417446
4,RMSE,4224,2019-04-20 10:57:36,489050,394050,4.470606740684162
4,RMSE,4791,2015-04-05 11:21:04,229050,820050,5.612549818921442
4,RMSE,5272,2019-04-09 11:15:01,373050,831050,5.038399546971959
4,RMSE,5275,2019-04-09 11:15:01,377050,841050,4.75651187350202
4,RMSE,5697,2018-04-15 11:09:03,377050,672050,5.8923534011654555
4,RMSE,5753,2021-04-23 11:09:21,372050,676050,4.982067925447594
4,RMSE,5831,2021-04-23 11:09:45,324050,424050,6.888730022824964
4,RMSE,5832,2021-04-23 11:09:45,324050,441050,5.468073765776766
4,RMSE,6215,2021-04-23 11:09:21,371050,614050,4.425667314225906
4,RMSE,6489,2016-04-11 10:57:23,479050,426050,5.2118015078750055
4,RMSE,6519,2019-04-20 10:57:12,479050,431050,4.533976716724812
4,RMSE,6521,2019-04-20 10:57:12,499050,439050,4.538901434217514
4,RMSE,7069,2021-04-23 11:10:09,285050,354050,5.010877076953936
4,RMSE,7070,2021-04-23 11:10:09,277050,364050,6.053586767425396
4,Bias,24,2015-04-05 11:20:41,229050,854050,-4.99696391189309
4,Bias,94,2020-04-25 11:27:00,229050,864050,-3.187184103128061
4,Bias,238,2019-04-11 11:03:50,319050,353050,3.4284789039122074
4,Bias,316,2017-04-30 10:57:04,497050,454050,6.319678696308756
4,Bias,584,2018-04-15 11:08:39,404050,864050,5.316035083544534
4,Bias,925,2013-04-12 10:53:46,511050,294050,23.73688280108246
4,Bias,1087,2021-04-18 10:51:39,519050,294050,-3.1921650936820356
4,Bias,1089,2021-04-18 10:51:39,519050,304050,-3.172118935733124
4,Bias,1851,2015-04-05 11:21:04,335050,834050,4.247110967344213
4,Bias,2464,2019-04-20 10:57:36,566050,294050,-3.739623241520462
4,Bias,2467,2019-04-20 10:57:36,569050,304050,-4.000936911245958
4,Bias,2468,2019-04-20 10:57:36,570050,314050,-5.1467450772551615
4,Bias,2471,2019-04-20 10:57:36,574050,324050,-5.000556610546653
4,Bias,2529,2020-04-22 10:57:43,574050,316050,-3.2530744805749237
4,Bias,2583,2021-04-18 10:51:39,569050,313050,-4.772939869495019
4,Bias,2730,2015-04-23 11:09:05,337050,678050,5.458008697289415
4,Bias,2814,2021-04-23 11:09:21,326050,677050,6.204825456775666
4,Bias,2995,2019-04-18 11:09:10,419050,549050,4.091399346531546
4,Bias,3117,2022-04-10 11:09:33,406050,535050,9.74185947491543
4,Bias,3141,2015-04-07 11:09:31,319050,392050,4.190005691033093
4,Bias,3143,2015-04-23 11:09:29,319050,404050,3.7428552729243165
4,Bias,3147,2016-04-25 11:09:39,317050,404050,3.34578708952381
4,Bias,3192,2021-04-23 11:09:45,336050,385050,4.163351599182306
4,Bias,3193,2021-04-23 11:09:45,319050,392050,6.885138827234641
4,Bias,3194,2021-04-23 11:09:45,319050,402050,6.788833273572095
4,Bias,3197,2022-04-18 11:09:56,312050,389050,4.135433789194735
4,Bias,3198,2022-04-18 11:09:56,323050,394050,3.2916117394987623
4,Bias,3630,2015-04-05 11:21:04,295050,744050,3.6149007470571632
4,Bias,3739,2021-04-21 11:21:20,299050,744050,3.688280234800743
4,Bias,4062,2022-04-01 11:15:15,287050,708050,3.427329761354372
4,Bias,4063,2022-04-01 11:15:15,297050,710050,3.3247753898457404
4,Bias,4135,2016-04-11 10:57:47,481050,377050,7.442331495257633
4,Bias,4136,2016-04-11 10:57:47,479050,387050,5.7390083058991195
4,Bias,4137,2016-04-11 10:57:47,481050,399050,6.182211891545421
4,Bias,4421,2019-04-20 10:57:36,479050,278050,3.315748572070788
4,Bias,4711,2021-04-23 11:10:33,229050,114050,3.411037135918491
4,Bias,4712,2021-04-23 11:10:33,239050,114050,3.479614102794585
4,Bias,4715,2021-04-23 11:10:33,231050,124050,4.239402819873931
4,Bias,4791,2015-04-05 11:21:04,229050,820050,-5.233508096743378
4,Bias,4795,2015-04-05 11:21:04,251050,844050,3.5825958152810813
4,Bias,5271,2019-04-09 11:15:01,359050,824050,4.071027549634948
4,Bias,5272,2019-04-09 11:15:01,373050,831050,4.91505776920792
4,Bias,5273,2019-04-09 11:15:01,357050,834050,4.134353502440376
4,Bias,5274,2019-04-09 11:15:01,367050,841050,4.09074421797402
4,Bias,5275,2019-04-09 11:15:01,377050,841050,4.678562845110662
4,Bias,5276,2019-04-09 11:15:01,349050,844050,3.359755308790625
4,Bias,5547,2021-04-23 11:10:33,243050,224050,3.2922845975916175
4,Bias,5620,2022-04-01 11:15:39,270050,678050,3.9499293429218483
4,Bias,5688,2017-04-28 11:09:02,375050,673050,3.669473928231753
4,Bias,5697,2018-04-15 11:09:03,377050,672050,5.877762285379049
4,Bias,5747,2021-04-14 11:15:37,372050,676050,3.868154248809276
4,Bias,5748,2021-04-14 11:15:37,361050,683050,4.028072214742394
4,Bias,5753,2021-04-23 11:09:21,372050,676050,4.944727872072178
4,Bias,5807,2016-04-25 11:09:39,324050,414050,3.5361046189852914
4,Bias,5831,2021-04-23 11:09:45,324050,424050,5.580225028647874
4,Bias,5832,2021-04-23 11:09:45,324050,441050,4.496384822791583
4,Bias,6215,2021-04-23 11:09:21,371050,614050,-3.1347031296405703
4,Bias,6489,2016-04-11 10:57:23,479050,426050,4.824303800043197
4,Bias,6996,2021-04-23 11:09:21,359050,574050,3.3677631460687394
4,Bias,7069,2021-04-23 11:10:09,285050,354050,4.889888581697505
4,Bias,7070,2021-04-23 11:10:09,277050,364050,5.804130821151944
4,Bias,7092,2015-04-05 11:21:04,209050,877050,-3.107668195063866
4,Variance,925,2013-04-12 10:53:46,511050,294050,24.65040536377476
4,Variance,1025,2019-04-20 10:57:36,511050,304050,10.326127811770956
4,Variance,1026,2019-04-20 10:57:36,521050,304050,9.408350227508855
4,Variance,1027,2019-04-20 10:57:36,509050,321050,9.993173677579513
4,Variance,1057,2020-04-15 10:51:35,512050,304050,9.338252161397646
4,Variance,1087,2021-04-18 10:51:39,519050,294050,11.502077030515773
4,Variance,1088,2021-04-18 10:51:39,509050,304050,10.515065986725983
4,Variance,1089,2021-04-18 10:51:39,519050,304050,11.416628244397957
4,Variance,1090,2021-04-18 10:51:39,509050,314050,12.462042670667067
4,Variance,1091,2021-04-18 10:51:39,509050,324050,11.491746842971759
4,Variance,1999,2019-04-20 10:57:36,469050,334050,10.453326452186545
4,Variance,2003,2019-04-20 10:57:36,469050,344050,10.452893004647223
4,Variance,2006,2019-04-20 10:57:36,499050,353050,11.601319967132001
4,Variance,2007,2019-04-20 10:57:36,482050,354050,9.931716469610288
4,Variance,2009,2019-04-20 10:57:36,479050,364050,14.153704395004185
4,Variance,2463,2019-04-20 10:57:36,551050,294050,13.145501660114867
4,Variance,2464,2019-04-20 10:57:36,566050,294050,11.285660054045232
4,Variance,2465,2019-04-20 10:57:36,549050,304050,11.479078827718567
4,Variance,2466,2019-04-20 10:57:36,559050,304050,12.397872510503921
4,Variance,2467,2019-04-20 10:57:36,569050,304050,10.293711897112429
4,Variance,2468,2019-04-20 10:57:36,570050,314050,10.45961057518107
4,Variance,2515,2020-04-15 10:51:35,551050,294050,11.247331708938901
4,Variance,2517,2020-04-15 10:51:35,577050,294050,10.930002446090617
4,Variance,2519,2020-04-15 10:51:35,561050,304050,9.735700373441304
4,Variance,2520,2020-04-15 10:51:35,564050,314050,10.021007223471472
4,Variance,2521,2020-04-15 10:51:35,574050,316050,9.79306331904312
4,Variance,2522,2020-04-15 10:51:35,549050,324050,11.451178611540632
4,Variance,2580,2021-04-18 10:51:39,560050,300050,9.501434373333323
4,Variance,2629,2022-04-20 10:57:57,559050,294050,9.346701295667284
4,Variance,2635,2022-04-21 10:51:48,553050,294050,9.54119850370601
4,Variance,2638,2022-04-21 10:51:48,556050,304050,9.136751381062437
4,Variance,2642,2022-04-21 10:51:48,557050,324050,13.772034098497368
4,Variance,2730,2015-04-23 11:09:05,337050,678050,14.060454279683793
4,Variance,3142,2015-04-23 11:09:29,319050,384050,10.679113787171072
4,Variance,3891,2015-04-21 11:21:04,296050,714050,9.304127435557634
4,Variance,4137,2016-04-11 10:57:47,481050,399050,9.428470598216228
4,Variance,4220,2019-04-20 10:57:36,483050,374050,9.888413631029556
4,Variance,4221,2019-04-20 10:57:36,493050,374050,10.393161917510632
4,Variance,4222,2019-04-20 10:57:36,486050,384050,10.441717500716821
4,Variance,4223,2019-04-20 10:57:36,496050,384050,9.455336384722303
4,Variance,4224,2019-04-20 10:57:36,489050,394050,13.170988367210267
4,Variance,4225,2019-04-20 10:57:36,499050,394050,10.975202040357246
4,Variance,4226,2019-04-20 10:57:36,496050,404050,10.871767490794532
4,Variance,5609,2021-04-14 11:15:37,293050,675050,9.458617295298243
4,Variance,5749,2021-04-23 11:09:21,379050,654050,9.167581594673756
4,Variance,5752,2021-04-23 11:09:21,379050,666050,10.76737095166939
4,Variance,5805,2015-04-23 11:09:29,329050,419050,11.030770782017393
4,Variance,5831,2021-04-23 11:09:45,324050,424050,16.3158860002634
4,Variance,5832,2021-04-23 11:09:45,324050,441050,9.68239605760666
4,Variance,6215,2021-04-23 11:09:21,371050,614050,9.760222624753021
4,Variance,6216,2021-04-23 11:09:21,365050,624050,14.208779815282433
4,Variance,6218,2021-04-23 11:09:21,359050,634050,11.156649783146056
4,Variance,6219,2021-04-23 11:09:21,369050,634050,9.223690161046756
4,Variance,6220,2021-04-23 11:09:21,379050,634050,9.71190231688066
4,Variance,6519,2019-04-20 10:57:12,479050,431050,17.161461145156313
4,Variance,6520,2019-04-20 10:57:12,489050,435050,10.234293322875406
4,Variance,6521,2019-04-20 10:57:12,499050,439050,15.627074688472183
4,Variance,6723,2020-04-15 10:51:35,601050,264050,9.56967217054939
4,Variance,6726,2020-04-15 10:51:35,607050,283050,10.18380908515545
4,Variance,6727,2020-04-15 10:51:35,592050,284050,10.042853093013662
5,RMSE,67,2017-05-03 11:26:45,239050,874050,8.024057955210235
5,RMSE,68,2017-05-03 11:26:45,249050,874050,6.059649907313551
5,RMSE,69,2017-05-03 11:26:45,259050,874050,5.557162031801392
5,RMSE,70,2017-05-03 11:26:45,229050,884050,6.385424113168588
5,RMSE,71,2017-05-03 11:26:45,239050,884050,8.880687172334714
5,RMSE,206,2018-05-17 11:09:31,333050,334050,6.168473787234717
5,RMSE,1066,2020-05-17 10:51:25,528050,320050,5.583033087320997
5,RMSE,1114,2022-05-06 10:57:52,514050,304050,6.351834506013281
5,RMSE,1115,2022-05-06 10:57:52,524050,304050,7.721807733097635
5,RMSE,2223,2013-05-05 10:59:59,568050,294050,5.681701255539061
5,RMSE,2225,2013-05-05 10:59:59,575050,316050,6.405843843336318
5,RMSE,2392,2018-05-03 10:57:19,568050,314050,5.814885370574248
5,RMSE,2482,2019-05-15 10:51:34,575050,324050,5.523934136474755
5,RMSE,2643,2022-05-06 10:57:52,549050,321050,7.604511519758519
5,RMSE,2802,2020-05-29 11:15:23,332050,674050,6.143339648688013
5,RMSE,4788,2014-05-20 11:21:12,247050,834050,7.0049008833648525
5,RMSE,4789,2014-05-20 11:21:12,257050,836050,5.577913678812967
5,RMSE,4800,2016-05-09 11:21:16,249050,827050,5.589429074034352
5,RMSE,4802,2016-05-09 11:21:16,252050,837050,5.5190742488405045
5,RMSE,5241,2018-05-24 11:14:25,372050,834050,6.793881954572739
5,RMSE,5698,2018-05-17 11:08:43,364050,677050,5.493340090814211
5,RMSE,5699,2018-05-24 11:14:49,359050,664050,7.573846661359189
5,RMSE,6024,2019-05-13 11:03:30,368050,504050,5.578033780039234
5,RMSE,6330,2019-05-13 11:04:18,319050,114050,5.619919513147984
5,RMSE,8099,2014-05-17 10:51:55,526050,222050,6.1993325724958455
5,Bias,66,2017-05-03 11:26:45,229050,874050,4.64457473909323
5,Bias,67,2017-05-03 11:26:45,239050,874050,7.909257314479646
5,Bias,68,2017-05-03 11:26:45,249050,874050,5.798066146124711
5,Bias,69,2017-05-03 11:26:45,259050,874050,5.250880490190184
5,Bias,70,2017-05-03 11:26:45,229050,884050,6.1973245687723875
5,Bias,71,2017-05-03 11:26:45,239050,884050,8.705393337904127
5,Bias,72,2017-05-03 11:26:45,259050,884050,4.712595331047737
5,Bias,206,2018-05-17 11:09:31,333050,334050,5.593888295007105
5,Bias,1066,2020-05-17 10:51:25,528050,320050,-4.830672066757074
5,Bias,1114,2022-05-06 10:57:52,514050,304050,5.635456177405786
5,Bias,1115,2022-05-06 10:57:52,524050,304050,6.942997930494641
5,Bias,2223,2013-05-05 10:59:59,568050,294050,-4.6642222729806235
5,Bias,2225,2013-05-05 10:59:59,575050,316050,-5.648139278368205
5,Bias,2391,2018-05-03 10:57:19,574050,304050,4.9587975213167965
5,Bias,2392,2018-05-03 10:57:19,568050,314050,5.591117139155244
5,Bias,2643,2022-05-06 10:57:52,549050,321050,7.145208795477117
5,Bias,2802,2020-05-29 11:15:23,332050,674050,5.145802299653155
5,Bias,4788,2014-05-20 11:21:12,247050,834050,6.795256057947711
5,Bias,4789,2014-05-20 11:21:12,257050,836050,5.328498600144314
5,Bias,4800,2016-05-09 11:21:16,249050,827050,4.938993104899282
5,Bias,4802,2016-05-09 11:21:16,252050,837050,5.1305986658341
5,Bias,5241,2018-05-24 11:14:25,372050,834050,-6.3429010631059555
5,Bias,5698,2018-05-17 11:08:43,364050,677050,4.974005672756903
5,Bias,5699,2018-05-24 11:14:49,359050,664050,-7.027557981054599
5,Bias,5736,2020-05-06 11:09:09,375050,674050,5.219163943381375
5,Bias,6024,2019-05-13 11:03:30,368050,504050,-5.26769211658592
5,Bias,6330,2019-05-13 11:04:18,319050,114050,5.258301641907963
5,Bias,7106,2017-05-03 11:26:45,209050,854050,4.850210706354744
5,Bias,8099,2014-05-17 10:51:55,526050,222050,5.107494829998927
5,Bias,8100,2014-05-17 10:51:55,536050,230050,4.670542381888936
5,Variance,980,2018-05-19 10:57:08,519050,294050,15.048606474935804
5,Variance,981,2018-05-19 10:57:08,511050,304050,18.123874217923575
5,Variance,982,2018-05-19 10:57:08,521050,304050,19.468364648996108
5,Variance,983,2018-05-19 10:57:08,528050,318050,16.613369229084313
5,Variance,984,2018-05-19 10:57:08,509050,321050,15.72271241188359
5,Variance,1029,2019-05-15 10:51:34,512050,304050,18.29554181791257
5,Variance,1031,2019-05-15 10:51:34,512050,314050,17.711355655307724
5,Variance,1032,2019-05-15 10:51:34,527050,314050,14.790524857913628
5,Variance,1950,2018-05-19 10:57:08,497050,334050,14.889429154522414
5,Variance,1952,2018-05-19 10:57:08,488050,344050,14.970293939154033
5,Variance,1953,2018-05-19 10:57:08,498050,344050,18.254898361029557
5,Variance,1955,2018-05-19 10:57:08,495050,354050,20.512020928293325
5,Variance,1956,2018-05-19 10:57:08,479050,364050,16.29996611764391
5,Variance,2269,2014-05-17 10:51:31,559050,314050,14.391521237191657
5,Variance,2272,2014-05-17 10:51:31,549050,320050,14.317370935698065
5,Variance,2393,2018-05-19 10:57:08,551050,294050,21.169167749981494
5,Variance,2394,2018-05-19 10:57:08,566050,294050,17.538140842986127
5,Variance,2395,2018-05-19 10:57:08,549050,304050,17.234942561828777
5,Variance,2396,2018-05-19 10:57:08,559050,304050,14.946591393129562
5,Variance,2397,2018-05-19 10:57:08,569050,304050,14.949519477036631
5,Variance,2399,2018-05-19 10:57:08,549050,321050,14.954316313214239
5,Variance,2472,2019-05-15 10:51:34,551050,294050,17.291684908414222
5,Variance,2479,2019-05-15 10:51:34,570050,314050,13.771552421974947
5,Variance,4175,2018-05-19 10:57:08,498050,374050,15.791642707278411
5,Variance,4177,2018-05-19 10:57:08,498050,384050,14.602005213579503
5,Variance,4178,2018-05-19 10:57:08,481050,394050,15.368214656357637
5,Variance,4179,2018-05-19 10:57:08,491050,394050,17.621829105595086
5,Variance,6501,2018-05-19 10:56:44,485050,414050,17.76920317886731
5,Variance,6502,2018-05-19 10:56:44,479050,431050,16.883681788281013
5,Variance,6503,2018-05-19 10:56:44,489050,433050,17.196523769255197
5,Variance,6675,2018-05-28 10:50:50,619050,263050,16.177931266353525
5,Variance,6680,2018-05-28 10:50:50,589050,274050,15.055252677810541
5,Variance,6685,2018-05-28 10:50:50,599050,284050,16.198025555095278
5,Variance,6717,2019-05-15 10:51:34,599050,279050,14.300263053649035
6,RMSE,101,2020-06-12 11:27:06,237050,881050,5.026017524537112
6,RMSE,440,2018-06-25 11:14:31,279050,794050,4.674825087500083
6,RMSE,442,2018-06-25 11:14:31,269050,804050,5.16752823614071
6,RMSE,599,2021-06-01 11:14:52,389050,854050,4.732345137085924
6,RMSE,690,2016-06-05 11:04:26,290050,237050,4.69023819833841
6,RMSE,1445,2022-06-22 11:04:58,359050,94050,5.059885721219017
6,RMSE,1721,2020-06-02 10:51:54,475050,134050,4.816793618437557
6,RMSE,1722,2020-06-02 10:51:54,495050,136050,5.193864852406111
6,RMSE,1856,2016-06-26 11:21:30,321050,814050,5.701377759668114
6,RMSE,1922,2015-06-12 10:57:26,499050,334050,4.804433961453848
6,RMSE,2051,2020-06-25 10:57:54,499050,334050,4.863515031794513
6,RMSE,2085,2022-06-07 10:57:42,488050,335050,5.4731907222746425
6,RMSE,2403,2018-06-29 10:51:02,576050,294050,4.662208574203748
6,RMSE,2769,2018-06-25 11:14:55,326050,674050,5.185552733322167
6,RMSE,3156,2017-06-15 11:09:50,333050,394050,5.257482651838073
6,RMSE,3199,2022-06-21 11:09:55,324050,374050,5.532986254288406
6,RMSE,3915,2016-06-03 11:15:35,283050,702050,4.970505887925103
6,RMSE,4892,2015-06-05 10:51:34,550050,149050,4.860893789764353
6,RMSE,5413,2015-06-12 10:57:02,459050,436050,4.640031532607256
6,RMSE,5758,2021-06-10 11:09:33,372050,669050,6.619924626569798
6,RMSE,6159,2013-06-04 11:11:47,362050,624050,5.238156607912049
6,RMSE,6233,2013-06-29 11:06:43,322050,123050,6.006382961306274
6,RMSE,6254,2015-06-19 11:04:03,337050,112050,4.67888745152626
6,RMSE,6573,2022-06-23 10:57:37,479050,431050,5.830146048760134
6,RMSE,6694,2018-06-29 10:51:02,589050,274050,4.930168981708096
6,RMSE,6776,2022-06-16 10:51:37,602050,270050,5.660263010391148
6,RMSE,7129,2022-06-02 11:27:30,189050,883050,5.261273799238027
6,RMSE,7258,2020-06-25 10:57:54,436050,254050,4.646459604414045
6,RMSE,7419,2018-06-27 11:03:46,269050,94050,4.993590816322932
6,RMSE,7421,2018-06-27 11:03:46,269050,104050,6.07770682687868
6,RMSE,7422,2018-06-27 11:03:46,269050,114050,5.310381010431796
6,RMSE,7424,2018-06-27 11:03:46,269050,124050,4.743253846848356
6,RMSE,7554,2022-06-22 11:04:58,299050,94050,4.715534320486587
6,RMSE,8016,2020-06-02 10:51:54,519050,154050,4.71685105892015
6,RMSE,8209,2020-06-25 10:57:54,529050,224050,5.177760709567856
6,RMSE,8212,2020-06-25 10:57:54,534050,234050,4.891734550449099
6,Bias,101,2020-06-12 11:27:06,237050,881050,4.7048467861209815
6,Bias,442,2018-06-25 11:14:31,269050,804050,-4.857098609712693
6,Bias,599,2021-06-01 11:14:52,389050,854050,-4.4336848753087
6,Bias,690,2016-06-05 11:04:26,290050,237050,-4.4593969813321905
6,Bias,1445,2022-06-22 11:04:58,359050,94050,-4.567837839979688
6,Bias,1722,2020-06-02 10:51:54,495050,136050,3.4175589926847465
6,Bias,1856,2016-06-26 11:21:30,321050,814050,-5.548151766337526
6,Bias,1922,2015-06-12 10:57:26,499050,334050,4.176871042617961
6,Bias,2085,2022-06-07 10:57:42,488050,335050,5.033611693840726
6,Bias,2769,2018-06-25 11:14:55,326050,674050,4.294348843271337
6,Bias,2770,2018-06-25 11:14:55,336050,676050,4.082514114680407
6,Bias,2841,2022-06-04 11:15:57,314050,678050,3.4628430429234527
6,Bias,3156,2017-06-15 11:09:50,333050,394050,-4.713871724275293
6,Bias,3199,2022-06-21 11:09:55,324050,374050,3.888721622653975
6,Bias,3986,2019-06-28 11:15:24,287050,696050,3.8861896919977994
6,Bias,4547,2015-06-10 11:09:46,229050,358050,3.577783586968735
6,Bias,4892,2015-06-05 10:51:34,550050,149050,-4.481256461283806
6,Bias,5413,2015-06-12 10:57:02,459050,436050,3.707481315753796
6,Bias,5717,2019-06-28 11:15:48,379050,667050,3.7941165877135177
6,Bias,5758,2021-06-10 11:09:33,372050,669050,6.264448254849469
6,Bias,6233,2013-06-29 11:06:43,322050,123050,5.600220741146359
6,Bias,6573,2022-06-23 10:57:37,479050,431050,-4.740771447689269
6,Bias,6776,2022-06-16 10:51:37,602050,270050,4.828151460386664
6,Bias,7129,2022-06-02 11:27:30,189050,883050,4.957013677356201
6,Bias,7419,2018-06-27 11:03:46,269050,94050,-4.459953448953058
6,Bias,7421,2018-06-27 11:03:46,269050,104050,-5.717432277058435
6,Bias,7422,2018-06-27 11:03:46,269050,114050,-4.927771687068969
6,Bias,8016,2020-06-02 10:51:54,519050,154050,3.7198576619164783
6,Bias,8209,2020-06-25 10:57:54,529050,224050,-4.473937580453594
6,Variance,402,2022-06-21 11:10:18,373050,334050,11.080175892894887
6,Variance,1070,2020-06-25 10:57:54,519050,304050,11.973172543123221
6,Variance,1598,2017-06-26 10:52:09,491050,143050,11.111673642684805
6,Variance,1721,2020-06-02 10:51:54,475050,134050,14.80820792337085
6,Variance,1722,2020-06-02 10:51:54,495050,136050,15.29645171544759
6,Variance,1725,2020-06-02 10:51:54,477050,156050,11.562047910146292
6,Variance,1784,2022-06-15 10:58:45,486050,144050,10.764701214208934
6,Variance,2048,2020-06-25 10:57:54,469050,334050,11.305431288369839
6,Variance,2226,2013-06-06 11:00:12,551050,294050,15.144657678637074
6,Variance,2227,2013-06-06 11:00:12,566050,294050,13.692524916257002
6,Variance,2229,2013-06-06 11:00:12,563050,304050,11.369198300827435
6,Variance,2230,2013-06-06 11:00:12,573050,304050,12.062383171462804
6,Variance,2231,2013-06-06 11:00:12,557050,314050,10.62767565782359
6,Variance,2232,2013-06-06 11:00:12,567050,314050,10.593758396276419
6,Variance,2361,2017-06-26 10:51:45,555050,324050,14.400397775184448
6,Variance,2402,2018-06-29 10:51:02,566050,294050,11.405551854100343
6,Variance,2403,2018-06-29 10:51:02,576050,294050,12.340684465954723
6,Variance,2534,2020-06-02 10:51:30,550050,294050,14.233247021959091
6,Variance,2535,2020-06-02 10:51:30,566050,294050,14.307880398291408
6,Variance,2536,2020-06-02 10:51:30,576050,294050,15.231500624751424
6,Variance,2537,2020-06-02 10:51:30,573050,304050,16.070723628210114
6,Variance,2539,2020-06-25 10:57:54,549050,294050,10.588469754047216
6,Variance,3199,2022-06-21 11:09:55,324050,374050,15.491710705137358
6,Variance,3202,2022-06-21 11:09:55,339050,399050,12.103959425781879
6,Variance,3381,2022-06-15 10:58:45,429050,227050,11.348598080927546
6,Variance,3915,2016-06-03 11:15:35,283050,702050,24.663253650788533
6,Variance,3918,2016-06-03 11:15:35,293050,714050,12.238882138644854
6,Variance,3922,2016-06-03 11:15:35,299050,724050,12.257360922677366
6,Variance,3957,2018-06-25 11:14:31,290050,694050,10.74737618591999
6,Variance,4144,2016-06-05 11:03:38,496050,384050,11.390606734879947
6,Variance,4146,2016-06-05 11:03:38,495050,394050,12.37230932069006
6,Variance,4147,2016-06-05 11:03:38,489050,404050,11.14907816026254
6,Variance,4181,2018-06-11 11:02:48,495050,374050,12.52091943725108
6,Variance,4337,2022-06-22 11:04:10,478050,386050,11.754638485585735
6,Variance,4341,2022-06-23 10:58:01,484050,399050,11.574731843556025
6,Variance,4995,2020-06-02 10:51:54,558050,154050,11.903723551330541
6,Variance,5585,2016-06-03 11:15:35,297050,670050,13.032624151292032
6,Variance,5586,2016-06-03 11:15:35,295050,680050,12.874441123759196
6,Variance,5796,2014-06-23 11:09:51,339050,421050,13.992419008363326
6,Variance,5841,2022-06-21 11:09:55,339050,414050,15.16165435309378
6,Variance,6505,2018-06-27 11:02:58,485050,414050,12.421828697190811
6,Variance,6544,2020-06-25 10:57:30,485050,414050,12.056310084396962
6,Variance,6573,2022-06-23 10:57:37,479050,431050,11.515804135411965
6,Variance,6635,2016-06-07 10:51:40,597050,254050,11.37666452649718
6,Variance,6694,2018-06-29 10:51:02,589050,274050,11.288645081645058
6,Variance,6698,2018-06-29 10:51:02,589050,284050,13.124539542824042
6,Variance,6931,2022-06-15 10:58:45,469050,242050,13.440874362117102
6,Variance,7182,2018-06-11 11:03:12,445050,265050,11.060226242711947
6,Variance,7946,2017-06-26 10:52:09,529050,145050,13.311571163385373
7,RMSE,444,2018-07-27 11:14:46,276050,783050,6.440106399933945
7,RMSE,511,2019-07-25 10:58:10,393050,280050,5.959637354465527
7,RMSE,587,2018-07-27 11:14:22,406050,860050,5.477458587525075
7,RMSE,617,2019-07-25 10:58:10,429050,374050,5.59833183908118
7,RMSE,618,2019-07-25 10:58:10,429050,394050,5.342269144005418
7,RMSE,753,2019-07-23 11:10:31,299050,214050,4.751165253184456
7,RMSE,1286,2018-07-06 10:57:40,378050,120050,5.113524321819527
7,RMSE,1291,2018-07-22 10:57:47,375050,114050,5.003344002984029
7,RMSE,1458,2022-07-16 11:04:34,369050,104050,5.184023051048623
7,RMSE,1461,2022-07-16 11:04:34,379050,114050,4.9372024023519385
7,RMSE,1551,2014-07-27 10:58:29,469050,162050,6.129564071092615
7,RMSE,2243,2013-07-17 10:53:58,572050,324050,5.1272084345472075
7,RMSE,2277,2014-07-04 10:51:48,554050,323050,5.4265383857017335
7,RMSE,2647,2022-07-09 10:58:00,549050,321050,7.534580179290467
7,RMSE,2649,2022-07-10 10:52:13,566050,294050,4.813892829486342
7,RMSE,2650,2022-07-10 10:52:13,576050,294050,6.7906366535280505
7,RMSE,2654,2022-07-10 10:52:13,579050,304050,5.053906259609326
7,RMSE,2960,2017-07-01 11:09:31,389050,540050,5.432475091918471
7,RMSE,3163,2017-07-17 11:09:59,309050,384050,5.295976891903952
7,RMSE,3172,2018-07-04 11:09:13,329050,402050,6.062188677946285
7,RMSE,3173,2018-07-04 11:09:13,339050,402050,6.423568107295435
7,RMSE,4097,2013-07-15 11:05:56,479050,384050,4.693741230376401
7,RMSE,4099,2013-07-15 11:05:56,480050,394050,5.163539572230114
7,RMSE,4527,2022-07-09 10:58:00,469050,284050,4.9428826136038095
7,RMSE,4965,2018-07-15 10:51:33,549050,164050,5.002652167140479
7,RMSE,5742,2020-07-09 11:09:34,368050,673050,4.980067917605245
7,RMSE,5817,2018-07-04 11:09:13,335050,414050,8.931021286380709
7,RMSE,5818,2018-07-04 11:09:13,329050,424050,4.689981771769508
7,RMSE,5819,2018-07-04 11:09:13,331050,434050,5.0444535441342016
7,RMSE,6023,2018-07-29 11:03:13,379050,522050,8.248737128602894
7,RMSE,6779,2022-07-10 10:52:13,589050,268050,5.074533633626693
7,RMSE,6783,2022-07-18 10:51:51,609050,254050,5.3296465566529045
7,RMSE,6784,2022-07-18 10:51:51,619050,254050,5.991576847164119
7,RMSE,6788,2022-07-18 10:51:51,619050,264050,5.5197436048807695
7,RMSE,6792,2022-07-18 10:51:51,619050,274050,5.3158024722849015
7,RMSE,6794,2022-07-18 10:51:51,599050,284050,5.360703804097076
7,RMSE,6795,2022-07-18 10:51:51,609050,284050,5.318013668200502
7,RMSE,6796,2022-07-18 10:51:51,619050,284050,5.766293653155822
7,RMSE,7136,2013-07-15 11:06:20,448050,262050,6.009714634401556
7,RMSE,7137,2013-07-15 11:06:20,459050,270050,6.955544937545423
7,RMSE,7190,2018-07-06 10:57:16,429050,254050,4.98555858505564
7,RMSE,7191,2018-07-06 10:57:16,443050,264050,4.838585943595068
7,RMSE,7280,2021-07-21 11:04:19,436050,254050,5.32345727346962
7,RMSE,7357,2013-07-15 11:06:44,299050,94050,5.23966479437912
7,RMSE,7373,2014-07-02 11:04:32,278050,119050,4.9840585230249355
7,RMSE,7427,2018-07-20 11:10:08,273050,94050,5.385880266327135
7,RMSE,7591,2013-07-13 11:17:54,276050,621050,5.736232113508404
7,RMSE,7666,2018-07-27 11:14:46,338050,774050,4.842023517290849
7,RMSE,8181,2019-07-25 10:58:10,519050,234050,4.894735430159659
7,Bias,444,2018-07-27 11:14:46,276050,783050,6.077689182112579
7,Bias,511,2019-07-25 10:58:10,393050,280050,-5.430184977672184
7,Bias,587,2018-07-27 11:14:22,406050,860050,5.3133945886772835
7,Bias,617,2019-07-25 10:58:10,429050,374050,-5.348353143343388
7,Bias,618,2019-07-25 10:58:10,429050,394050,-5.056182844697503
7,Bias,753,2019-07-23 11:10:31,299050,214050,4.240091990848839
7,Bias,1551,2014-07-27 10:58:29,469050,162050,5.6096380367292795
7,Bias,1757,2021-07-23 10:52:22,493050,160050,4.099972982192412
7,Bias,2277,2014-07-04 10:51:48,554050,323050,4.844062011211349
7,Bias,2647,2022-07-09 10:58:00,549050,321050,6.637518065118172
7,Bias,2650,2022-07-10 10:52:13,576050,294050,-5.717930174924447
7,Bias,2960,2017-07-01 11:09:31,389050,540050,-5.27162974038589
7,Bias,3173,2018-07-04 11:09:13,339050,402050,-5.470373907906776
7,Bias,4099,2013-07-15 11:05:56,480050,394050,4.00673576050167
7,Bias,4527,2022-07-09 10:58:00,469050,284050,4.01286310728517
7,Bias,4557,2017-07-17 11:10:22,244050,364050,3.5425161730158834
7,Bias,5707,2018-07-04 11:08:49,375050,674050,3.7237022538274687
7,Bias,5742,2020-07-09 11:09:34,368050,673050,4.587502801293965
7,Bias,5817,2018-07-04 11:09:13,335050,414050,-7.2373454692478845
7,Bias,6023,2018-07-29 11:03:13,379050,522050,6.946818939542766
7,Bias,6784,2022-07-18 10:51:51,619050,254050,-5.591887773978101
7,Bias,6788,2022-07-18 10:51:51,619050,264050,-5.193704446218021
7,Bias,6796,2022-07-18 10:51:51,619050,284050,-5.392423788423287
7,Bias,7118,2021-07-01 11:27:22,189050,882050,3.4589469677760007
7,Bias,7136,2013-07-15 11:06:20,448050,262050,4.556349912357916
7,Bias,7137,2013-07-15 11:06:20,459050,270050,6.460451029366595
7,Bias,7357,2013-07-15 11:06:44,299050,94050,4.445784395950795
7,Bias,7373,2014-07-02 11:04:32,278050,119050,4.716773731577405
7,Bias,7591,2013-07-13 11:17:54,276050,621050,4.45583084975749
7,Bias,7666,2018-07-27 11:14:46,338050,774050,3.9730693801431016
7,Variance,622,2022-07-09 10:58:00,429050,374050,11.288135081191047
7,Variance,912,2022-07-16 11:04:34,299050,230050,19.352182299993594
7,Variance,913,2022-07-16 11:04:34,287050,233050,11.945115810996997
7,Variance,914,2022-07-16 11:04:34,297050,240050,15.665490483246161
7,Variance,929,2013-07-17 10:53:58,528050,320050,9.758026667644005
7,Variance,992,2018-07-06 10:57:16,523050,311050,10.849853405931409
7,Variance,994,2018-07-06 10:57:16,523050,321050,13.630348442204536
7,Variance,1121,2022-07-10 10:52:13,526050,314050,12.532137746180528
7,Variance,1123,2022-07-10 10:52:13,519050,324050,16.85601677895033
7,Variance,1132,2022-07-18 10:51:51,519050,324050,11.403596612229679
7,Variance,1133,2022-07-18 10:51:51,529050,324050,12.877110568891421
7,Variance,1134,2022-07-18 10:51:51,539050,324050,14.695682580854816
7,Variance,1284,2018-07-06 10:57:40,349050,94050,15.975447200504627
7,Variance,1285,2018-07-06 10:57:40,359050,94050,10.322790936999427
7,Variance,1286,2018-07-06 10:57:40,378050,120050,13.587759587653153
7,Variance,1631,2018-07-06 10:57:40,495050,134050,13.774953505891876
7,Variance,1632,2018-07-06 10:57:40,473050,144050,9.711682286909038
7,Variance,1801,2022-07-17 10:58:49,489050,154050,13.08992420356938
7,Variance,1811,2022-07-18 10:52:15,487050,154050,12.380062023009941
7,Variance,1964,2018-07-06 10:57:16,482050,354050,10.332494356928468
7,Variance,2235,2013-07-17 10:53:58,576050,294050,10.103393726992097
7,Variance,2240,2013-07-17 10:53:58,560050,314050,11.629930347081807
7,Variance,2242,2013-07-17 10:53:58,562050,324050,9.85812965156435
7,Variance,2409,2018-07-06 10:57:16,574050,297050,14.749617828759837
7,Variance,2410,2018-07-06 10:57:16,567050,309050,14.106795502137544
7,Variance,2647,2022-07-09 10:58:00,549050,321050,12.713333761836795
7,Variance,2649,2022-07-10 10:52:13,566050,294050,11.819589426268216
7,Variance,2650,2022-07-10 10:52:13,576050,294050,13.418324474161613
7,Variance,2653,2022-07-10 10:52:13,569050,304050,9.824908494628026
7,Variance,2657,2022-07-10 10:52:13,549050,324050,11.730740320334693
7,Variance,2660,2022-07-18 10:51:51,566050,294050,10.6407879668863
7,Variance,2661,2022-07-18 10:51:51,576050,294050,10.088622734609087
7,Variance,2664,2022-07-18 10:51:51,569050,304050,9.551099534032954
7,Variance,2667,2022-07-18 10:51:51,559050,314050,9.514778941392585
7,Variance,2670,2022-07-18 10:51:51,560050,324050,16.833195985661632
7,Variance,3122,2022-07-16 11:03:47,389050,553050,12.066570452622555
7,Variance,3172,2018-07-04 11:09:13,329050,402050,12.976531977527575
7,Variance,3173,2018-07-04 11:09:13,339050,402050,11.337204049723697
7,Variance,4095,2013-07-15 11:05:56,479050,374050,10.964971919514733
7,Variance,4096,2013-07-15 11:05:56,489050,374050,10.131256704103684
7,Variance,4097,2013-07-15 11:05:56,479050,384050,10.368892666408515
7,Variance,4099,2013-07-15 11:05:56,480050,394050,10.608130664834803
7,Variance,4101,2013-07-15 11:05:56,489050,404050,11.80236523454221
7,Variance,4382,2018-07-06 10:57:16,499050,280050,10.03531852456422
7,Variance,5118,2022-07-16 11:04:11,394050,314050,9.712070309993955
7,Variance,5706,2018-07-04 11:08:49,372050,664050,11.078209890003341
7,Variance,5787,2013-07-06 11:12:07,329050,418050,9.838494583284202
7,Variance,5817,2018-07-04 11:09:13,335050,414050,27.38399898726119
7,Variance,5818,2018-07-04 11:09:13,329050,424050,15.249076056613829
7,Variance,5959,2022-07-16 11:04:11,362050,274050,14.84716020350543
7,Variance,6023,2018-07-29 11:03:13,379050,522050,19.78376276177199
7,Variance,6137,2021-07-17 11:28:36,59050,496050,9.729867626597573
7,Variance,6506,2018-07-06 10:56:52,487050,414050,11.892462151986402
7,Variance,6507,2018-07-06 10:56:52,480050,427050,11.63178903739129
7,Variance,6592,2013-07-17 10:53:58,589050,274050,10.142648394855948
7,Variance,6596,2013-07-17 10:53:58,589050,284050,12.34450650332558
7,Variance,6789,2022-07-18 10:51:51,589050,274050,10.037784665325953
7,Variance,6793,2022-07-18 10:51:51,589050,284050,12.539080170300931
7,Variance,6844,2018-07-06 10:57:40,496050,240050,13.30687767564744
7,Variance,7136,2013-07-15 11:06:20,448050,262050,15.35635341668499
7,Variance,7591,2013-07-13 11:17:54,276050,621050,13.049953496774368
8,RMSE,218,2018-08-05 11:09:52,315050,334050,4.834513426060839
8,RMSE,560,2022-08-01 11:04:25,419050,254050,7.304545807301676
8,RMSE,1495,2015-08-13 11:09:50,339050,497050,5.270892921267457
8,RMSE,1496,2015-08-13 11:09:50,327050,518050,6.582086386121624
8,RMSE,1528,2013-08-02 10:54:24,483050,144050,4.965695488397433
8,RMSE,1530,2013-08-02 10:54:24,487050,154050,4.873315474851382
8,RMSE,1532,2013-08-02 10:54:24,487050,164050,5.300849214095121
8,RMSE,1604,2017-08-13 10:52:26,499050,134050,5.723703300965129
8,RMSE,1966,2018-08-07 10:57:32,490050,340050,10.959183428762232
8,RMSE,2061,2020-08-12 10:58:09,469050,334050,5.568579253959926
8,RMSE,2062,2020-08-12 10:58:09,479050,334050,5.995719624241638
8,RMSE,2064,2020-08-12 10:58:09,469050,344050,5.525039578721944
8,RMSE,2411,2018-08-07 10:57:32,564050,294050,7.260396682381425
8,RMSE,2412,2018-08-07 10:57:32,557050,304050,6.991722250499748
8,RMSE,2415,2018-08-07 10:57:32,558050,318050,8.952765803646992
8,RMSE,2559,2020-08-12 10:58:09,550050,324050,6.845005821132684
8,RMSE,2562,2020-08-28 10:58:18,551050,320050,11.040368882643683
8,RMSE,2989,2018-08-05 11:09:04,413050,557050,5.942326479256975
8,RMSE,3123,2022-08-09 11:04:27,389050,552050,6.6678918155538325
8,RMSE,3179,2019-08-08 11:10:14,309050,384050,6.396234932889934
8,RMSE,3180,2019-08-24 11:10:18,312050,387050,4.965193262080294
8,RMSE,3788,2017-08-27 11:04:27,374050,301050,5.402392463088738
8,RMSE,3789,2017-08-27 11:04:27,349050,303050,5.137462960256994
8,RMSE,3843,2022-08-09 11:04:51,372050,294050,6.043429151871183
8,RMSE,3927,2016-08-29 11:21:52,298050,722050,5.374629676291386
8,RMSE,4383,2018-08-07 10:57:32,498050,257050,6.1366509552269894
8,RMSE,4761,2022-08-08 11:11:04,254050,104050,5.056524261011809
8,RMSE,4765,2022-08-08 11:11:04,254050,124050,7.155771444160075
8,RMSE,4868,2013-08-02 10:54:24,576050,134050,5.263550575876972
8,RMSE,4869,2013-08-02 10:54:24,578050,151050,6.116158052711653
8,RMSE,4893,2015-08-24 10:52:10,561050,136050,26.11062686183362
8,RMSE,4931,2017-08-29 10:52:29,569050,144050,5.129002707481294
8,RMSE,5123,2022-08-09 11:04:51,389050,304050,4.870917823870652
8,RMSE,5126,2022-08-09 11:04:51,409050,314050,5.588286309770011
8,RMSE,5128,2022-08-09 11:04:51,399050,324050,5.684769525016455
8,RMSE,5149,2013-08-30 11:17:34,370050,830050,5.063240527579183
8,RMSE,5203,2016-08-15 11:09:24,360050,835050,6.120303425395955
8,RMSE,5259,2018-08-28 11:15:03,368050,837050,8.417244141256344
8,RMSE,5778,2022-08-08 11:09:53,366050,677050,6.169217068456008
8,RMSE,5834,2021-08-13 11:10:16,324050,415050,4.789785526446922
8,RMSE,6443,2022-08-01 11:04:49,312050,110050,5.198946409009536
8,RMSE,6548,2020-08-12 10:57:45,499050,441050,9.75996681525586
8,RMSE,6838,2016-08-17 10:58:39,472050,232050,6.082905570556748
8,RMSE,6878,2019-08-26 10:58:45,469050,214050,4.85798990696456
8,RMSE,6970,2018-08-05 11:09:04,369050,594050,5.890649928072925
8,RMSE,7154,2015-08-22 11:04:07,458050,284050,5.680127593180704
8,RMSE,7267,2020-08-12 10:58:09,451050,278050,4.893868382078859
8,RMSE,7338,2022-08-01 11:04:25,429050,259050,6.168726469155719
8,RMSE,7339,2022-08-01 11:04:25,429050,269050,6.872708599651638
8,RMSE,7571,2022-08-08 11:11:04,269050,104050,5.280730446926889
8,RMSE,7574,2022-08-08 11:11:04,269050,124050,5.142439041375613
8,RMSE,7912,2015-08-24 10:52:10,529050,145050,13.76780882897717
8,RMSE,7913,2015-08-24 10:52:10,539050,149050,15.461555039839858
8,RMSE,8148,2018-08-07 10:57:32,536050,214050,4.84072138704294
8,RMSE,8149,2018-08-07 10:57:32,539050,224050,4.872580754963559
8,Bias,560,2022-08-01 11:04:25,419050,254050,-6.700537634644377
8,Bias,1495,2015-08-13 11:09:50,339050,497050,5.068433154237255
8,Bias,1496,2015-08-13 11:09:50,327050,518050,6.430492328224545
8,Bias,1604,2017-08-13 10:52:26,499050,134050,5.4494280700700415
8,Bias,1966,2018-08-07 10:57:32,490050,340050,10.016084738906272
8,Bias,2061,2020-08-12 10:58:09,469050,334050,5.049780917071757
8,Bias,2062,2020-08-12 10:58:09,479050,334050,5.45924392138204
8,Bias,2064,2020-08-12 10:58:09,469050,344050,4.944370438617568
8,Bias,2412,2018-08-07 10:57:32,557050,304050,5.411797952297661
8,Bias,2415,2018-08-07 10:57:32,558050,318050,8.091481487342378
8,Bias,2559,2020-08-12 10:58:09,550050,324050,6.301701709998781
8,Bias,2562,2020-08-28 10:58:18,551050,320050,10.917647431469504
8,Bias,2989,2018-08-05 11:09:04,413050,557050,5.498328139758371
8,Bias,3123,2022-08-09 11:04:27,389050,552050,-6.340527823062473
8,Bias,3179,2019-08-08 11:10:14,309050,384050,-5.909708840082089
8,Bias,3843,2022-08-09 11:04:51,372050,294050,-4.97657633832722
8,Bias,3927,2016-08-29 11:21:52,298050,722050,-5.084071145036887
8,Bias,4765,2022-08-08 11:11:04,254050,124050,-6.650328632975629
8,Bias,4893,2015-08-24 10:52:10,561050,136050,26.007742057425844
8,Bias,5128,2022-08-09 11:04:51,399050,324050,-5.113417065508031
8,Bias,5203,2016-08-15 11:09:24,360050,835050,5.342116411687641
8,Bias,5259,2018-08-28 11:15:03,368050,837050,8.260916737174568
8,Bias,5778,2022-08-08 11:09:53,366050,677050,5.65763911352127
8,Bias,6548,2020-08-12 10:57:45,499050,441050,9.558284153233956
8,Bias,6838,2016-08-17 10:58:39,472050,232050,-5.713694334186528
8,Bias,6970,2018-08-05 11:09:04,369050,594050,5.174530247502048
8,Bias,7338,2022-08-01 11:04:25,429050,259050,-5.553039122924702
8,Bias,7339,2022-08-01 11:04:25,429050,269050,-6.29007578941912
8,Bias,7912,2015-08-24 10:52:10,529050,145050,12.13319162549999
8,Bias,7913,2015-08-24 10:52:10,539050,149050,14.249930239058983
8,Variance,1532,2013-08-02 10:54:24,487050,164050,26.84023477520526
8,Variance,1745,2020-08-12 10:58:33,471050,135050,13.173224658111906
8,Variance,1966,2018-08-07 10:57:32,490050,340050,19.781613129267587
8,Variance,2365,2017-08-13 10:52:02,557050,323050,14.288774465276214
8,Variance,2411,2018-08-07 10:57:32,564050,294050,43.013978448696
8,Variance,2412,2018-08-07 10:57:32,557050,304050,19.596726933115008
8,Variance,2415,2018-08-07 10:57:32,558050,318050,14.680014732260318
8,Variance,2494,2019-08-26 10:58:21,549050,324050,12.245691820790102
8,Variance,2560,2020-08-12 10:58:09,560050,324050,17.684946973960457
8,Variance,2950,2016-08-24 11:04:05,396050,534050,12.139262685211518
8,Variance,3843,2022-08-09 11:04:51,372050,294050,11.75681331563773
8,Variance,3845,2022-08-09 11:04:51,357050,314050,13.446762101837667
8,Variance,3847,2022-08-09 11:04:51,370050,324050,13.486580332225573
8,Variance,4383,2018-08-07 10:57:32,498050,257050,18.939127215733983
8,Variance,4868,2013-08-02 10:54:24,576050,134050,27.023528086664797
8,Variance,4869,2013-08-02 10:54:24,578050,151050,36.427108218125454
8,Variance,6441,2022-08-01 11:04:49,313050,100050,17.500009239240995
8,Variance,6574,2022-08-10 10:57:56,485050,414050,13.984182639048473
8,Variance,6614,2014-08-05 10:52:00,607050,283050,14.041494971747671
8,Variance,7154,2015-08-22 11:04:07,458050,284050,18.883203491121712
8,Variance,7159,2016-08-24 11:04:29,458050,264050,14.173820604449766
8,Variance,7819,2020-08-12 10:58:33,449050,194050,14.482538169570786
8,Variance,7885,2013-08-02 10:54:24,519050,134050,13.777444214166797
8,Variance,7912,2015-08-24 10:52:10,529050,145050,42.3376253782432
8,Variance,7913,2015-08-24 10:52:10,539050,149050,35.998758345325406
8,Variance,8148,2018-08-07 10:57:32,536050,214050,16.721433853744532
8,Variance,8149,2018-08-07 10:57:32,539050,224050,17.229624810909822
9,RMSE,45,2016-09-14 11:21:32,247050,854050,6.172831955283902
9,RMSE,46,2016-09-14 11:21:32,257050,854050,13.546814131374163
9,RMSE,47,2016-09-14 11:21:32,232050,864050,6.541261312235863
9,RMSE,48,2016-09-14 11:21:32,252050,864050,19.046784936044908
9,RMSE,49,2016-09-14 11:21:32,231050,874050,9.91057874235211
9,RMSE,50,2016-09-14 11:21:32,254050,874050,12.238422233703666
9,RMSE,51,2016-09-14 11:21:32,229050,884050,12.44155217719454
9,RMSE,52,2016-09-14 11:21:32,239050,884050,8.944206843833847
9,RMSE,53,2016-09-14 11:21:32,249050,884050,12.076433232627684
9,RMSE,421,2016-09-14 11:21:56,279050,784050,9.981152705275003
9,RMSE,422,2016-09-14 11:21:56,269050,794050,9.118975614276513
9,RMSE,423,2016-09-14 11:21:56,279050,794050,6.0680580938034785
9,RMSE,424,2016-09-14 11:21:56,269050,804050,4.412409970714266
9,RMSE,425,2016-09-14 11:21:56,289050,804050,7.360004737749925
9,RMSE,675,2015-09-14 11:10:51,271050,222050,27.39589858655495
9,RMSE,676,2015-09-14 11:10:51,291050,224050,9.2511412970591
9,RMSE,677,2015-09-14 11:10:51,293050,244050,3.95417206423028
9,RMSE,1359,2020-09-04 11:05:19,361050,94050,20.26626956138419
9,RMSE,1857,2016-09-14 11:21:56,329050,814050,4.379202649346047
9,RMSE,1883,2018-09-20 11:21:20,329050,822050,6.313263125727631
9,RMSE,2139,2016-09-14 11:21:56,259050,722050,12.75402637977918
9,RMSE,2418,2018-09-01 10:51:33,549050,304050,3.927647736885272
9,RMSE,2420,2018-09-01 10:51:33,549050,314050,4.14828314872929
9,RMSE,2563,2020-09-13 10:58:24,575050,299050,4.102762418244213
9,RMSE,2857,2016-09-14 11:21:56,229050,754050,31.017363504904218
9,RMSE,2858,2016-09-14 11:21:56,249050,754050,30.247558380739118
9,RMSE,2859,2016-09-14 11:21:56,259050,754050,27.758083542047796
9,RMSE,2860,2016-09-14 11:21:56,229050,764050,17.73673861862567
9,RMSE,2904,2014-09-04 11:04:04,397050,540050,4.789337312246738
9,RMSE,3140,2014-09-11 11:10:17,337050,397050,4.596647599640045
9,RMSE,3658,2016-09-14 11:21:56,269050,734050,12.889136611873889
9,RMSE,3659,2016-09-14 11:21:56,269050,754050,10.262291656998245
9,RMSE,3660,2016-09-14 11:21:56,269050,764050,14.709871088003691
9,RMSE,3661,2016-09-14 11:21:56,279050,764050,6.200515610199404
9,RMSE,3928,2016-09-14 11:21:56,298050,708050,12.33085860086168
9,RMSE,4116,2014-09-29 10:58:19,489050,378050,4.851020440278201
9,RMSE,4117,2014-09-29 10:58:19,499050,380050,4.340467756063973
9,RMSE,4118,2014-09-29 10:58:19,479050,385050,4.1767299642254185
9,RMSE,4119,2014-09-29 10:58:19,489050,388050,4.892193141960415
9,RMSE,4120,2014-09-29 10:58:19,495050,398050,4.305343654726906
9,RMSE,4291,2021-09-07 11:04:13,489050,401050,4.143638309265425
9,RMSE,4497,2020-09-13 10:58:24,469050,283050,4.222202185319753
9,RMSE,4616,2015-09-30 11:10:56,229050,124050,4.124213950004202
9,RMSE,4804,2016-09-14 11:21:56,239050,814050,7.102373670969655
9,RMSE,4805,2016-09-14 11:21:56,249050,814050,5.008926115345056
9,RMSE,4806,2016-09-14 11:21:56,229050,824050,9.183532791169931
9,RMSE,4807,2016-09-14 11:21:56,239050,824050,11.375898217496085
9,RMSE,4808,2016-09-14 11:21:56,249050,824050,10.67234678047054
9,RMSE,4809,2016-09-14 11:21:56,239050,834050,14.068350109512199
9,RMSE,4810,2016-09-14 11:21:56,249050,834050,4.621829009086968
9,RMSE,4811,2016-09-14 11:21:56,259050,834050,9.149187734203283
9,RMSE,4812,2016-09-14 11:21:56,248050,844050,6.1831839522613254
9,RMSE,4819,2018-09-20 11:21:20,232050,821050,7.852017344192213
9,RMSE,4820,2018-09-20 11:21:20,254050,835050,12.497927993854697
9,RMSE,5464,2015-09-14 11:10:51,229050,214050,16.96684070993454
9,RMSE,5465,2015-09-14 11:10:51,249050,214050,23.45868159421109
9,RMSE,5466,2015-09-14 11:10:51,259050,214050,16.938499099109997
9,RMSE,5467,2015-09-14 11:10:51,229050,224050,6.796648354320337
9,RMSE,5468,2015-09-14 11:10:51,239050,224050,20.882187423808503
9,RMSE,5469,2015-09-14 11:10:51,249050,224050,12.059312655053247
9,RMSE,5470,2015-09-14 11:10:51,259050,224050,26.78113255970432
9,RMSE,5471,2015-09-14 11:10:51,239050,234050,5.9883733808277535
9,RMSE,5472,2015-09-14 11:10:51,249050,234050,18.1042571725783
9,RMSE,5473,2015-09-14 11:10:51,259050,234050,10.489203243769172
9,RMSE,5800,2014-09-11 11:10:17,335050,414050,5.314428349632623
9,RMSE,5849,2016-09-14 11:21:56,239050,794050,10.833536603296666
9,RMSE,5850,2016-09-14 11:21:56,239050,804050,8.718382905261167
9,RMSE,6599,2013-09-19 10:53:56,619050,263050,4.681088767152128
9,RMSE,7113,2020-09-16 11:27:44,209050,880050,5.1644827969776
9,RMSE,7358,2013-09-17 11:06:42,269050,124050,17.923574643537354
9,RMSE,7359,2013-09-17 11:06:42,279050,124050,12.155983016910916
9,RMSE,7386,2015-09-14 11:10:51,269050,114050,13.271832598016553
9,RMSE,7387,2015-09-14 11:10:51,279050,114050,9.038842136622305
9,RMSE,7388,2015-09-14 11:10:51,269050,124050,10.672018519587777
9,RMSE,7389,2015-09-14 11:10:51,279050,124050,7.204562589593667
9,Bias,45,2016-09-14 11:21:32,247050,854050,-5.116792809000287
9,Bias,46,2016-09-14 11:21:32,257050,854050,12.133582232367985
9,Bias,48,2016-09-14 11:21:32,252050,864050,17.440673203372
9,Bias,49,2016-09-14 11:21:32,231050,874050,7.502557009325358
9,Bias,50,2016-09-14 11:21:32,254050,874050,9.078080954725124
9,Bias,51,2016-09-14 11:21:32,229050,884050,12.072867051132732
9,Bias,52,2016-09-14 11:21:32,239050,884050,7.193385647309128
9,Bias,53,2016-09-14 11:21:32,249050,884050,7.935344455571396
9,Bias,421,2016-09-14 11:21:56,279050,784050,9.279545780480532
9,Bias,422,2016-09-14 11:21:56,269050,794050,7.884544909140288
9,Bias,425,2016-09-14 11:21:56,289050,804050,5.837211402803973
9,Bias,675,2015-09-14 11:10:51,271050,222050,27.007033334995413
9,Bias,676,2015-09-14 11:10:51,291050,224050,5.92557460497909
9,Bias,1359,2020-09-04 11:05:19,361050,94050,20.14247103400595
9,Bias,1883,2018-09-20 11:21:20,329050,822050,-6.240659491652536
9,Bias,2139,2016-09-14 11:21:56,259050,722050,12.5640889808069
9,Bias,2857,2016-09-14 11:21:56,229050,754050,30.91839438520975
9,Bias,2858,2016-09-14 11:21:56,249050,754050,30.16119147429208
9,Bias,2859,2016-09-14 11:21:56,259050,754050,27.250482600631074
9,Bias,2860,2016-09-14 11:21:56,229050,764050,17.33346159607305
9,Bias,2904,2014-09-04 11:04:04,397050,540050,4.209627813239706
9,Bias,3140,2014-09-11 11:10:17,337050,397050,-4.159440491112207
9,Bias,3658,2016-09-14 11:21:56,269050,734050,12.499595915108898
9,Bias,3659,2016-09-14 11:21:56,269050,754050,9.45286564600275
9,Bias,3660,2016-09-14 11:21:56,269050,764050,13.210838908952041
9,Bias,3661,2016-09-14 11:21:56,279050,764050,5.333338069899355
9,Bias,3928,2016-09-14 11:21:56,298050,708050,11.953120312198791
9,Bias,4116,2014-09-29 10:58:19,489050,378050,-4.5693668263537575
9,Bias,4117,2014-09-29 10:58:19,499050,380050,-3.9427617421999344
9,Bias,4119,2014-09-29 10:58:19,489050,388050,-4.580667373060692
9,Bias,4120,2014-09-29 10:58:19,495050,398050,-3.8901197849277196
9,Bias,4616,2015-09-30 11:10:56,229050,124050,-3.8610285256147563
9,Bias,4804,2016-09-14 11:21:56,239050,814050,4.300553744749891
9,Bias,4806,2016-09-14 11:21:56,229050,824050,8.057570713560494
9,Bias,4807,2016-09-14 11:21:56,239050,824050,8.065245192600514
9,Bias,4808,2016-09-14 11:21:56,249050,824050,-10.151600911048263
9,Bias,4809,2016-09-14 11:21:56,239050,834050,12.773776137326536
9,Bias,4811,2016-09-14 11:21:56,259050,834050,-7.642106784314592
9,Bias,4812,2016-09-14 11:21:56,248050,844050,-4.335152948305506
9,Bias,4819,2018-09-20 11:21:20,232050,821050,-7.771108273504467
9,Bias,4820,2018-09-20 11:21:20,254050,835050,-12.446054356467869
9,Bias,5464,2015-09-14 11:10:51,229050,214050,16.834604260372487
9,Bias,5465,2015-09-14 11:10:51,249050,214050,22.517491186839266
9,Bias,5466,2015-09-14 11:10:51,259050,214050,15.588159579035846
9,Bias,5467,2015-09-14 11:10:51,229050,224050,6.1973105892618605
9,Bias,5468,2015-09-14 11:10:51,239050,224050,20.400612485273996
9,Bias,5469,2015-09-14 11:10:51,249050,224050,11.14590317363718
9,Bias,5470,2015-09-14 11:10:51,259050,224050,26.062986099878344
9,Bias,5472,2015-09-14 11:10:51,249050,234050,17.39894773435566
9,Bias,5473,2015-09-14 11:10:51,259050,234050,9.007055787124273
9,Bias,5800,2014-09-11 11:10:17,335050,414050,-4.085353932836085
9,Bias,5849,2016-09-14 11:21:56,239050,794050,9.619183371621602
9,Bias,5850,2016-09-14 11:21:56,239050,804050,7.3583424941666635
9,Bias,7113,2020-09-16 11:27:44,209050,880050,-5.048103075791289
9,Bias,7358,2013-09-17 11:06:42,269050,124050,17.343497728882994
9,Bias,7359,2013-09-17 11:06:42,279050,124050,10.885168875286467
9,Bias,7386,2015-09-14 11:10:51,269050,114050,12.576316550133697
9,Bias,7387,2015-09-14 11:10:51,279050,114050,8.604092134033692
9,Bias,7388,2015-09-14 11:10:51,269050,124050,9.822221834088282
9,Bias,7389,2015-09-14 11:10:51,279050,124050,5.644725058979759
9,Variance,45,2016-09-14 11:21:32,247050,854050,11.922447471287999
9,Variance,46,2016-09-14 11:21:32,257050,854050,36.29179270493098
9,Variance,47,2016-09-14 11:21:32,232050,864050,42.05825173754337
9,Variance,48,2016-09-14 11:21:32,252050,864050,58.6024296168625
9,Variance,49,2016-09-14 11:21:32,231050,874050,41.931083654041196
9,Variance,50,2016-09-14 11:21:32,254050,874050,67.36745830560827
9,Variance,51,2016-09-14 11:21:32,229050,884050,9.037775420764465
9,Variance,52,2016-09-14 11:21:32,239050,884050,28.253801951319485
9,Variance,53,2016-09-14 11:21:32,249050,884050,82.87029168321088
9,Variance,421,2016-09-14 11:21:56,279050,784050,13.51337407388976
9,Variance,422,2016-09-14 11:21:56,269050,794050,20.989930583241453
9,Variance,423,2016-09-14 11:21:56,279050,794050,33.342825092844905
9,Variance,424,2016-09-14 11:21:56,269050,804050,19.37807619729081
9,Variance,425,2016-09-14 11:21:56,289050,804050,20.096595013504412
9,Variance,675,2015-09-14 11:10:51,271050,222050,21.155167330750444
9,Variance,676,2015-09-14 11:10:51,291050,224050,50.47086631912574
9,Variance,677,2015-09-14 11:10:51,293050,244050,15.1269839980874
9,Variance,1079,2020-09-13 10:58:24,517050,294050,7.522835911999517
9,Variance,2563,2020-09-13 10:58:24,575050,299050,8.219734001863888
9,Variance,2564,2020-09-13 10:58:24,553050,305050,7.738289728140811
9,Variance,2859,2016-09-14 11:21:56,259050,754050,27.922827162490844
9,Variance,2860,2016-09-14 11:21:56,229050,764050,14.142275619209979
9,Variance,3205,2022-09-01 11:10:40,324050,376050,11.021957351652164
9,Variance,3658,2016-09-14 11:21:56,269050,734050,9.889858730614284
9,Variance,3659,2016-09-14 11:21:56,269050,754050,15.958741176255677
9,Variance,3660,2016-09-14 11:21:56,269050,764050,41.8539595345921
9,Variance,3661,2016-09-14 11:21:56,279050,764050,10.002205016280094
9,Variance,3928,2016-09-14 11:21:56,298050,708050,9.173607157324826
9,Variance,4497,2020-09-13 10:58:24,469050,283050,8.977162125478594
9,Variance,4804,2016-09-14 11:21:56,239050,814050,31.94875123140965
9,Variance,4805,2016-09-14 11:21:56,249050,814050,23.909595583097563
9,Variance,4806,2016-09-14 11:21:56,229050,824050,19.412831796185785
9,Variance,4807,2016-09-14 11:21:56,239050,824050,64.36285116990219
9,Variance,4808,2016-09-14 11:21:56,249050,824050,10.844170192981366
9,Variance,4809,2016-09-14 11:21:56,239050,834050,34.74910938215313
9,Variance,4810,2016-09-14 11:21:56,249050,834050,18.00788636579236
9,Variance,4811,2016-09-14 11:21:56,259050,834050,25.30564931986629
9,Variance,4812,2016-09-14 11:21:56,248050,844050,19.438291790181612
9,Variance,4813,2016-09-14 11:21:56,258050,844050,10.456545592276271
9,Variance,5465,2015-09-14 11:10:51,249050,214050,43.271456635211635
9,Variance,5466,2015-09-14 11:10:51,259050,214050,43.92173254171667
9,Variance,5467,2015-09-14 11:10:51,229050,224050,7.7873134183598856
9,Variance,5468,2015-09-14 11:10:51,239050,224050,19.881406320503743
9,Variance,5469,2015-09-14 11:10:51,249050,224050,21.19585082250826
9,Variance,5470,2015-09-14 11:10:51,259050,224050,37.94973552978728
9,Variance,5471,2015-09-14 11:10:51,239050,234050,25.903054235116205
9,Variance,5472,2015-09-14 11:10:51,249050,234050,25.040581596397907
9,Variance,5473,2015-09-14 11:10:51,259050,234050,28.896027468482433
9,Variance,5800,2014-09-11 11:10:17,335050,414050,11.553058781846795
9,Variance,5849,2016-09-14 11:21:56,239050,794050,24.83676471685594
9,Variance,5850,2016-09-14 11:21:56,239050,804050,21.864539916865223
9,Variance,6599,2013-09-19 10:53:56,619050,263050,12.339225957679377
9,Variance,7102,2016-09-14 11:21:56,189050,884050,9.527933175203044
9,Variance,7358,2013-09-17 11:06:42,269050,124050,20.457874037371116
9,Variance,7359,2013-09-17 11:06:42,279050,124050,29.28091041380096
9,Variance,7386,2015-09-14 11:10:51,269050,114050,17.977596248727963
9,Variance,7387,2015-09-14 11:10:51,279050,114050,7.670138449169885
9,Variance,7388,2015-09-14 11:10:51,269050,124050,17.415184819629392
9,Variance,7389,2015-09-14 11:10:51,279050,124050,20.04291408609554
10,RMSE,309,2015-10-02 10:57:47,495050,457050,3.248212141987057
10,RMSE,344,2022-10-13 10:58:12,499050,467050,2.7735352079561184
10,RMSE,418,2015-10-07 11:15:32,269050,784050,9.57203614174846
10,RMSE,717,2017-10-30 11:05:03,290050,235050,2.8311507783692087
10,RMSE,948,2014-10-08 10:52:11,509050,312050,14.669801743930874
10,RMSE,949,2014-10-08 10:52:11,509050,322050,18.46893561664915
10,RMSE,976,2017-10-16 10:52:17,509050,314050,3.775443986147544
10,RMSE,977,2017-10-16 10:52:17,529050,314050,4.285466990507762
10,RMSE,1662,2018-10-19 10:52:15,489050,135050,2.841160304331439
10,RMSE,1895,2019-10-25 11:22:06,337050,814050,5.30773385558293
10,RMSE,1897,2019-10-25 11:22:06,334050,835050,3.8367831985997913
10,RMSE,2220,2022-10-18 11:16:22,239050,694050,2.8790956065664046
10,RMSE,2587,2021-10-11 10:52:24,552050,294050,3.618975592344337
10,RMSE,2755,2016-10-25 11:16:16,316050,678050,3.2948850462911845
10,RMSE,2783,2019-10-02 11:16:16,331050,673050,2.7476168136223067
10,RMSE,2849,2022-10-10 11:16:27,335050,675050,3.0269393479841717
10,RMSE,2856,2015-10-07 11:15:32,259050,754050,16.566123459678575
10,RMSE,3460,2015-10-09 11:03:58,433050,458050,2.976280621740247
10,RMSE,3642,2015-10-07 11:15:32,299050,744050,8.09362068005648
10,RMSE,3643,2015-10-07 11:15:32,269050,754050,13.889435268702606
10,RMSE,3644,2015-10-07 11:15:32,289050,754050,5.541204998478564
10,RMSE,3645,2015-10-07 11:15:32,299050,754050,5.578752051552163
10,RMSE,3646,2015-10-07 11:15:32,269050,764050,10.272964159656977
10,RMSE,3647,2015-10-07 11:15:32,279050,764050,6.934625928233197
10,RMSE,4123,2015-10-02 10:58:11,483050,391050,3.523162003430769
10,RMSE,4124,2015-10-02 10:58:11,491050,401050,3.0137723882120624
10,RMSE,4822,2019-10-25 11:22:06,244050,825050,3.468923724110848
10,RMSE,4823,2019-10-25 11:22:06,252050,835050,3.7277530326080592
10,RMSE,5214,2016-10-25 11:15:52,358050,814050,2.833281117777119
10,RMSE,5290,2019-10-27 11:09:44,362050,817050,6.169354398131615
10,RMSE,5502,2018-10-24 11:10:49,241050,216050,3.6285289363084408
10,RMSE,5723,2019-10-27 11:10:08,373050,671050,4.277696723384685
10,RMSE,5782,2022-10-10 11:16:27,372050,674050,3.6408830226101494
10,RMSE,6268,2016-10-11 11:05:03,321050,94050,3.4077376751489616
10,RMSE,6477,2015-10-02 10:57:47,480050,431050,2.7052691544363676
10,RMSE,6478,2015-10-02 10:57:47,490050,433050,3.1939894339818466
10,RMSE,7361,2013-10-10 11:12:49,269050,121050,7.361828635330546
10,RMSE,7640,2015-10-07 11:15:32,329050,784050,7.422232913842241
10,Bias,309,2015-10-02 10:57:47,495050,457050,-2.772060194280641
10,Bias,418,2015-10-07 11:15:32,269050,784050,8.903426080455745
10,Bias,948,2014-10-08 10:52:11,509050,312050,14.545954411423168
10,Bias,949,2014-10-08 10:52:11,509050,322050,18.41242626078298
10,Bias,977,2017-10-16 10:52:17,529050,314050,3.614999959754755
10,Bias,1895,2019-10-25 11:22:06,337050,814050,5.193411522004169
10,Bias,1897,2019-10-25 11:22:06,334050,835050,3.721355329971402
10,Bias,2587,2021-10-11 10:52:24,552050,294050,3.4655142988000875
10,Bias,2755,2016-10-25 11:16:16,316050,678050,-2.9304741545703337
10,Bias,2849,2022-10-10 11:16:27,335050,675050,-2.6614672715292613
10,Bias,2856,2015-10-07 11:15:32,259050,754050,16.415034664100745
10,Bias,3642,2015-10-07 11:15:32,299050,744050,7.429199458860069
10,Bias,3643,2015-10-07 11:15:32,269050,754050,13.136964135888206
10,Bias,3644,2015-10-07 11:15:32,289050,754050,-3.2266549771612745
10,Bias,3645,2015-10-07 11:15:32,299050,754050,4.5383046688658055
10,Bias,3646,2015-10-07 11:15:32,269050,764050,9.22892199076756
10,Bias,3647,2015-10-07 11:15:32,279050,764050,2.953819359620354
10,Bias,4123,2015-10-02 10:58:11,483050,391050,-2.7237290547886346
10,Bias,4823,2019-10-25 11:22:06,252050,835050,3.4332554603346352
10,Bias,5290,2019-10-27 11:09:44,362050,817050,5.529002080315934
10,Bias,5502,2018-10-24 11:10:49,241050,216050,3.1412659857397216
10,Bias,5723,2019-10-27 11:10:08,373050,671050,-3.927743326352129
10,Bias,5782,2022-10-10 11:16:27,372050,674050,-3.486960563590003
10,Bias,6268,2016-10-11 11:05:03,321050,94050,3.1966777606543815
10,Bias,6478,2015-10-02 10:57:47,490050,433050,-2.7704003211341046
10,Bias,7361,2013-10-10 11:12:49,269050,121050,-7.311344154697508
10,Bias,7640,2015-10-07 11:15:32,329050,784050,6.30146730863521
10,Variance,309,2015-10-02 10:57:47,495050,457050,2.866472543413417
10,Variance,418,2015-10-07 11:15:32,269050,784050,12.352832460880684
10,Variance,948,2014-10-08 10:52:11,509050,312050,3.6174159501757073
10,Variance,976,2017-10-16 10:52:17,509050,314050,11.072185673327143
10,Variance,977,2017-10-16 10:52:17,529050,314050,5.296898650946599
10,Variance,1485,2022-10-29 10:59:24,375050,115050,5.125844378777164
10,Variance,2107,2022-10-13 10:58:36,479050,363050,2.3402090630268155
10,Variance,2375,2017-10-16 10:52:17,549050,314050,4.490715272009939
10,Variance,2379,2017-10-16 10:52:17,554050,324050,2.729230965459373
10,Variance,2435,2018-10-10 10:57:59,549050,324050,3.3334389204184482
10,Variance,2436,2018-10-10 10:57:59,559050,324050,4.370918497923211
10,Variance,2755,2016-10-25 11:16:16,316050,678050,2.268468233724458
10,Variance,2786,2019-10-27 11:10:08,316050,678050,4.133635918232601
10,Variance,2856,2015-10-07 11:15:32,259050,754050,4.982425112598643
10,Variance,3149,2016-10-02 11:10:23,310050,382050,2.3617924918556215
10,Variance,3642,2015-10-07 11:15:32,299050,744050,10.313483300287237
10,Variance,3643,2015-10-07 11:15:32,269050,754050,20.33676526338736
10,Variance,3644,2015-10-07 11:15:32,289050,754050,20.293684701868386
10,Variance,3645,2015-10-07 11:15:32,299050,754050,10.52668685430572
10,Variance,3646,2015-10-07 11:15:32,269050,764050,20.36132494748401
10,Variance,3647,2015-10-07 11:15:32,279050,764050,39.36414493028946
10,Variance,4123,2015-10-02 10:58:11,483050,391050,4.9941004237843005
10,Variance,4124,2015-10-02 10:58:11,491050,401050,3.490067790334134
10,Variance,4361,2022-10-13 10:58:36,489050,394050,2.588583661174622
10,Variance,4822,2019-10-25 11:22:06,244050,825050,4.240137934593434
10,Variance,4941,2017-10-16 10:52:41,562050,134050,2.7685625657600035
10,Variance,4942,2017-10-16 10:52:41,572050,134050,3.0711587311003843
10,Variance,4944,2017-10-16 10:52:41,562050,152050,3.214655204427869
10,Variance,5290,2019-10-27 11:09:44,362050,817050,7.490891167152875
10,Variance,5502,2018-10-24 11:10:49,241050,216050,3.2990774354666974
10,Variance,5657,2014-10-29 11:09:54,375050,664050,5.1116153908335855
10,Variance,5677,2016-10-25 11:16:16,376050,664050,5.482099125794258
10,Variance,5723,2019-10-27 11:10:08,373050,671050,2.871406860383071
10,Variance,5809,2016-10-02 11:10:23,335050,414050,2.8001715966376755
10,Variance,6271,2016-10-11 11:05:03,325050,110050,2.558054653157578
10,Variance,6476,2015-10-02 10:57:47,489050,414050,2.6604341873171884
10,Variance,6477,2015-10-02 10:57:47,480050,431050,3.403107172602718
10,Variance,6478,2015-10-02 10:57:47,490050,433050,2.526470264231784
10,Variance,6480,2015-10-09 11:03:58,493050,421050,3.4923267233929707
10,Variance,6514,2018-10-10 10:57:35,485050,414050,2.289542532369976
10,Variance,7640,2015-10-07 11:15:32,329050,784050,15.380962359554713
10,Variance,7723,2015-10-02 10:58:35,454050,184050,2.393947305936443
11,RMSE,294,2021-11-22 11:04:50,309050,360050,2.527060754149354
11,RMSE,358,2016-11-28 11:04:41,350050,344050,2.2014471321841445
11,RMSE,475,2014-11-07 11:04:35,419050,254050,7.897068537506938
11,RMSE,612,2022-11-11 11:16:07,389050,854050,9.59146631205335
11,RMSE,686,2015-11-17 11:10:39,298050,214050,5.494062519223014
11,RMSE,735,2018-11-02 11:04:40,271050,224050,2.548389341396976
11,RMSE,2124,2014-11-05 11:16:08,257050,707050,2.574559533170029
11,RMSE,2588,2021-11-07 10:57:27,577050,296050,3.6733894569967114
11,RMSE,2716,2013-11-18 11:17:34,320050,678050,3.7360056313671275
11,RMSE,2725,2014-11-05 11:16:08,326050,678050,3.2978064277572807
11,RMSE,3600,2015-11-13 11:34:57,16950,517050,3.1601966828436767
11,RMSE,3605,2019-11-08 11:35:14,13950,519050,2.293159541617043
11,RMSE,4552,2015-11-01 11:10:39,241050,363050,3.374753684920695
11,RMSE,4681,2019-11-12 11:11:17,240050,94050,2.5930638961306816
11,RMSE,4770,2022-11-12 11:11:24,234050,114050,2.758260617484529
11,RMSE,6082,2022-11-13 11:04:31,369050,502050,2.4683517244576363
11,RMSE,6671,2017-11-17 10:52:13,613050,256050,6.280901289306347
11,RMSE,6672,2017-11-17 10:52:13,600050,267050,6.567672526888962
11,RMSE,6673,2017-11-17 10:52:13,615050,274050,9.57973730080108
11,RMSE,6743,2020-11-25 10:52:19,604050,274050,2.4032080938385163
11,RMSE,6745,2020-11-25 10:52:19,611050,284050,2.2549759574233446
11,RMSE,6753,2021-11-28 10:52:21,612050,265050,3.3688996842372356
11,RMSE,7144,2014-11-07 11:04:35,429050,264050,8.96171093122868
11,RMSE,7392,2015-11-10 11:04:51,275050,104050,20.179431761652868
11,RMSE,7462,2019-11-12 11:11:17,269050,94050,2.6342404278792753
11,Bias,475,2014-11-07 11:04:35,419050,254050,7.813000780887364
11,Bias,612,2022-11-11 11:16:07,389050,854050,-9.43620050264667
11,Bias,686,2015-11-17 11:10:39,298050,214050,5.074053712526791
11,Bias,2124,2014-11-05 11:16:08,257050,707050,-2.293812434365975
11,Bias,2588,2021-11-07 10:57:27,577050,296050,3.6007010763636913
11,Bias,2716,2013-11-18 11:17:34,320050,678050,-3.382632767049472
11,Bias,2725,2014-11-05 11:16:08,326050,678050,-3.1923313860222606
11,Bias,4552,2015-11-01 11:10:39,241050,363050,-3.2162892592897947
11,Bias,4770,2022-11-12 11:11:24,234050,114050,-2.6667823219142406
11,Bias,6082,2022-11-13 11:04:31,369050,502050,-2.35327869530488
11,Bias,6671,2017-11-17 10:52:13,613050,256050,-6.212584037714976
11,Bias,6672,2017-11-17 10:52:13,600050,267050,-6.485123085174564
11,Bias,6673,2017-11-17 10:52:13,615050,274050,-9.532492639322186
11,Bias,6753,2021-11-28 10:52:21,612050,265050,3.0493651254233782
11,Bias,7144,2014-11-07 11:04:35,429050,264050,8.86626241816117
11,Bias,7392,2015-11-10 11:04:51,275050,104050,20.074092688164683
11,Variance,306,2022-11-29 11:04:55,318050,335050,2.2799295775585984
11,Variance,612,2022-11-11 11:16:07,389050,854050,2.953721941863711
11,Variance,681,2015-11-01 11:10:39,289050,214050,1.5197802748224138
11,Variance,686,2015-11-17 11:10:39,298050,214050,4.438393243902917
11,Variance,734,2018-11-02 11:04:40,296050,214050,1.3775096303917451
11,Variance,735,2018-11-02 11:04:40,271050,224050,1.4731902950059768
11,Variance,738,2018-11-02 11:04:40,279050,234050,1.4747313092034995
11,Variance,741,2018-11-02 11:04:40,279050,244050,1.4289646223824162
11,Variance,2716,2013-11-18 11:17:34,320050,678050,2.515441394590955
11,Variance,3600,2015-11-13 11:34:57,16950,517050,7.543562890622849
11,Variance,3605,2019-11-08 11:35:14,13950,519050,4.684964461827761
11,Variance,4204,2018-11-02 11:03:52,481050,394050,1.3793468255095505
11,Variance,5759,2021-11-17 11:10:04,377050,665050,4.216568239849518
11,Variance,5784,2022-11-03 11:16:19,378050,664050,2.189299620744883
11,Variance,6743,2020-11-25 10:52:19,604050,274050,2.175037291399472
11,Variance,6744,2020-11-25 10:52:19,601050,284050,2.140375265424635
11,Variance,6753,2021-11-28 10:52:21,612050,265050,2.0506632358846457
11,Variance,7144,2014-11-07 11:04:35,429050,264050,1.7014230155557062
11,Variance,7392,2015-11-10 11:04:51,275050,104050,4.240536191789043
12,RMSE,4682,2019-12-30 11:11:33,229050,124050,3.45949280676575
12,RMSE,8279,2022-12-09 10:52:50,527050,224050,2.2219673789151346
12,Bias,4580,2013-12-29 11:12:45,256050,111050,1.8715666778377908
12,Bias,4682,2019-12-30 11:11:33,229050,124050,3.342926524118525
12,Bias,6828,2022-12-01 10:52:33,608050,257050,-1.5208525967778428
12,Bias,6829,2022-12-01 10:52:33,612050,271050,-1.6662681441599716
12,Bias,6830,2022-12-01 10:52:33,594050,273050,-0.9108466173940428
12,Bias,6831,2022-12-01 10:52:33,609050,281050,-1.9403025196980934
12,Bias,6832,2022-12-01 10:52:33,595050,283050,-1.992873714492191
12,Bias,8279,2022-12-09 10:52:50,527050,224050,2.114772225300669
12,Variance,4652,2018-12-27 11:11:12,232050,118050,1.3245006510420823
